timestamp_ms,current_mA,voltage_mV,temperature_C,temperature_valid,wheel_speed_valid,wheel_speed_kmph,wheel_rpm,wheel_spoke_count,ax_x100,ay_x100,az_x100,amag_x100,gps_location_valid,gps_lat,gps_long,gps_alt_m,gps_speed_kmph,gps_hdop,gps_sats,gps_time_valid,gps_time_utc,gps_centisecond
608090,-21,24289,31.16,1,1,0.00,0.0,3969,126,-969,-67,979,1,43.6610843,-79.3949675,103.80,0.07,0.66,12,1,00:05:09,00
608376,-20,24289,31.14,1,1,0.00,0.0,3969,129,-970,-64,981,1,43.6610843,-79.3949675,103.80,0.07,0.66,12,1,00:05:09,00
608668,-39,24289,31.14,1,1,0.00,0.0,3969,131,-968,-69,979,1,43.6610848,-79.3949655,103.70,0.85,0.67,12,1,00:05:10,00
608956,-38,24289,31.13,1,1,0.00,0.0,3969,127,-974,-59,984,1,43.6610848,-79.3949655,103.70,0.85,0.67,12,1,00:05:10,00
609247,-46,24289,31.10,1,1,0.00,0.0,3969,137,-970,-54,981,1,43.6610848,-79.3949655,103.70,0.85,0.67,12,1,00:05:10,00
609534,-32,24289,31.10,1,1,0.00,0.0,3969,135,-969,-59,980,1,43.6610843,-79.3949647,104.10,0.15,0.66,12,1,00:05:11,00
609891,-30,24289,31.08,1,1,0.00,0.0,3969,125,-971,-59,980,1,43.6610843,-79.3949647,104.10,0.15,0.66,12,1,00:05:11,00
610184,-22,24289,31.09,1,1,0.00,0.0,3969,128,-970,-62,980,1,43.6610843,-79.3949647,104.10,0.15,0.66,12,1,00:05:11,00
610467,-21,24289,31.09,1,1,0.00,0.0,3969,129,-969,-64,979,1,43.6610837,-79.3949647,104.10,0.17,0.66,12,1,00:05:12,00
610757,-25,24289,31.12,1,1,0.00,0.0,3969,124,-969,-63,979,1,43.6610837,-79.3949647,104.10,0.17,0.67,12,1,00:05:12,00
611055,-26,24289,31.09,1,1,0.00,0.0,3969,132,-967,-56,978,1,43.6610837,-79.3949647,104.10,0.17,0.67,12,1,00:05:12,00
611345,-27,24289,31.11,1,1,0.00,0.0,3969,131,-967,-57,977,1,43.6610837,-79.3949647,104.10,0.17,0.67,12,1,00:05:12,00
611634,-36,24289,31.06,1,1,0.00,0.0,3969,146,-967,-59,980,1,43.6610830,-79.3949640,104.50,0.41,0.66,12,1,00:05:13,00
611934,-38,24289,31.04,1,1,0.00,0.0,3969,138,-969,-52,980,1,43.6610830,-79.3949640,104.50,0.41,0.66,12,1,00:05:13,00
612229,-39,24289,31.03,1,1,0.00,0.0,3970,126,-968,-66,978,1,43.6610830,-79.3949640,104.50,0.41,0.66,12,1,00:05:13,00
612523,-31,24289,31.07,1,1,0.00,0.0,3970,125,-971,-57,980,1,43.6610827,-79.3949640,104.70,0.04,0.66,12,1,00:05:14,00
612817,-25,24289,31.07,1,1,0.00,0.0,3970,128,-971,-61,981,1,43.6610827,-79.3949640,104.70,0.04,0.66,12,1,00:05:14,00
613110,-32,24289,31.07,1,1,0.00,0.0,3970,125,-971,-65,981,1,43.6610827,-79.3949640,104.70,0.04,0.66,12,1,00:05:14,00
613400,-25,24289,31.05,1,1,0.00,0.0,3970,127,-967,-64,978,1,43.6610820,-79.3949643,104.70,0.02,0.66,12,1,00:05:15,00
613692,-28,24289,31.07,1,1,0.00,0.0,3970,129,-968,-66,979,1,43.6610820,-79.3949643,104.90,0.02,0.66,12,1,00:05:15,00
613996,-33,24289,31.07,1,1,0.00,0.0,3970,132,-973,-63,984,1,43.6610820,-79.3949643,104.90,0.02,0.66,12,1,00:05:15,00
614295,-34,24289,31.07,1,1,0.00,0.0,3970,143,-966,-54,978,1,43.6610820,-79.3949643,104.90,0.02,0.66,12,1,00:05:15,00
614648,-35,24289,31.05,1,1,0.00,0.0,3970,135,-965,-64,976,1,43.6610812,-79.3949648,105.10,0.22,0.66,12,1,00:05:16,00
614936,-29,24289,31.06,1,1,0.00,0.0,3970,129,-981,-47,990,1,43.6610812,-79.3949648,105.10,0.22,0.66,12,1,00:05:16,00
615229,-32,24289,31.03,1,1,0.00,0.0,3970,118,-968,-39,976,1,43.6610812,-79.3949648,105.10,0.22,0.66,12,1,00:05:16,00
615530,-31,24289,31.08,1,1,0.00,0.0,3970,127,-964,-55,974,1,43.6610807,-79.3949648,105.20,0.17,0.66,12,1,00:05:17,00
615825,-26,24289,31.05,1,1,0.00,0.0,3971,119,-972,-35,980,1,43.6610807,-79.3949648,105.20,0.17,0.66,12,1,00:05:17,00
616123,-22,24289,31.08,1,1,0.00,0.0,3971,132,-967,-66,978,1,43.6610807,-79.3949648,105.20,0.17,0.66,12,1,00:05:17,00
616412,-21,24289,31.07,1,1,0.00,0.0,3971,130,-973,-56,983,1,43.6610805,-79.3949663,105.20,0.44,0.66,12,1,00:05:18,00
616707,-36,24289,31.05,1,1,0.00,0.0,3971,126,-965,-77,976,1,43.6610805,-79.3949663,105.20,0.44,0.66,12,1,00:05:18,00
617005,-34,24289,31.07,1,1,0.00,0.0,3971,114,-967,-54,975,1,43.6610805,-79.3949663,105.20,0.44,0.66,12,1,00:05:18,00
617305,-35,24289,31.05,1,1,0.00,0.0,3971,137,-963,-77,976,1,43.6610805,-79.3949663,105.20,0.44,0.66,12,1,00:05:18,00
617609,-30,24289,31.06,1,1,0.00,0.0,3971,126,-970,-50,979,1,43.6610827,-79.3949640,105.30,0.80,0.75,12,1,00:05:19,00
617914,-39,24289,31.07,1,1,0.00,0.0,3971,148,-966,-66,979,1,43.6610827,-79.3949640,105.30,0.80,0.75,12,1,00:05:19,00
618221,-39,24289,31.09,1,1,0.00,0.0,3971,142,-960,-107,977,1,43.6610827,-79.3949640,105.30,0.80,0.75,12,1,00:05:19,00
618524,-35,24289,31.09,1,1,0.00,0.0,3971,134,-969,-64,980,1,43.6610800,-79.3949660,105.40,0.43,0.73,12,1,00:05:20,00
618825,-34,24289,31.07,1,1,0.00,0.0,3971,127,-972,-57,982,1,43.6610800,-79.3949660,105.40,0.43,0.73,12,1,00:05:20,00
619129,-33,24289,31.05,1,1,0.00,0.0,3971,129,-969,-62,980,1,43.6610800,-79.3949660,105.40,0.43,0.73,12,1,00:05:20,00
619487,-27,24289,31.08,1,1,0.00,0.0,3972,132,-968,-65,979,1,43.6610773,-79.3949680,105.40,1.13,0.73,12,1,00:05:21,00
619782,-48,24289,31.08,1,1,1.54,16.1,3973,131,-972,-55,982,1,43.6610773,-79.3949680,105.40,1.13,0.73,12,1,00:05:21,00
620087,-36,24289,31.09,1,1,1.54,16.1,3973,120,-971,-39,979,1,43.6610773,-79.3949680,105.40,1.13,0.73,12,1,00:05:21,00
620382,-28,24289,31.11,1,1,0.69,7.2,3974,137,-961,-91,975,1,43.6610750,-79.3949675,105.40,0.67,0.73,12,1,00:05:22,00
620681,-33,24289,31.13,1,1,0.69,7.2,3974,127,-974,-64,984,1,43.6610750,-79.3949675,105.50,0.67,0.76,12,1,00:05:22,00
620981,-42,24289,31.12,1,1,0.69,7.2,3974,129,-961,-51,971,1,43.6610750,-79.3949675,105.50,0.67,0.76,12,1,00:05:22,00
621288,-50,24289,31.15,1,1,0.71,7.4,3975,130,-975,-67,986,1,43.6610750,-79.3949675,105.50,0.67,0.76,12,1,00:05:22,00
621593,-49,24289,31.16,1,1,2.83,29.6,3977,131,-972,-69,983,1,43.6610772,-79.3949738,105.30,2.24,0.79,12,1,00:05:23,00
621901,-46,24289,31.17,1,1,2.83,29.6,3977,130,-970,-60,980,1,43.6610772,-79.3949738,105.30,2.24,0.79,12,1,00:05:23,00
622210,-48,24289,31.18,1,1,2.83,29.6,3977,123,-972,-52,981,1,43.6610772,-79.3949738,105.30,2.24,0.79,12,1,00:05:23,00
622519,-38,24289,31.20,1,1,2.83,29.6,3977,132,-970,-62,981,1,43.6610772,-79.3949752,105.90,2.15,0.85,12,1,00:05:24,00
622827,-51,24289,31.20,1,1,2.83,29.6,3977,128,-969,-60,979,1,43.6610772,-79.3949752,105.90,2.15,0.85,12,1,00:05:24,00
623138,-56,24289,31.22,1,1,2.83,29.6,3977,131,-970,-60,981,1,43.6610772,-79.3949752,105.90,2.15,0.85,12,1,00:05:24,00
623419,-36,24289,31.23,1,1,0.00,0.0,3977,129,-971,-58,981,1,43.6610775,-79.3949705,105.90,1.35,0.85,12,1,00:05:25,00
623731,-51,24289,31.25,1,1,0.00,0.0,3977,131,-971,-61,982,1,43.6610775,-79.3949705,105.90,1.35,0.83,12,1,00:05:25,00
624043,-52,24289,31.24,1,1,0.00,0.0,3977,130,-970,-59,981,1,43.6610775,-79.3949705,105.90,1.35,0.83,12,1,00:05:25,00
624382,-33,24289,31.27,1,1,0.00,0.0,3977,125,-969,-81,980,1,43.6610775,-79.3949705,105.90,1.35,0.83,12,1,00:05:25,00
624695,-48,24289,31.28,1,1,0.00,0.0,3978,131,-966,-72,978,1,43.6610797,-79.3949648,105.30,1.54,0.84,12,1,00:05:26,00
625000,-50,24289,31.27,1,1,0.00,0.0,3978,125,-970,-59,980,1,43.6610797,-79.3949648,105.30,1.54,0.84,12,1,00:05:26,00
625306,-53,24289,31.28,1,1,0.00,0.0,3978,130,-970,-67,980,1,43.6610797,-79.3949648,105.30,1.54,0.84,12,1,00:05:26,00
625607,-49,24289,31.27,1,1,0.00,0.0,3978,131,-971,-64,982,1,43.6610772,-79.3949685,105.80,2.22,0.78,12,1,00:05:27,00
625918,-47,24289,31.28,1,1,0.00,0.0,3978,130,-971,-59,982,1,43.6610772,-79.3949685,105.80,2.22,0.78,12,1,00:05:27,00
626225,-44,24289,31.29,1,1,0.00,0.0,3978,128,-970,-59,980,1,43.6610772,-79.3949685,105.80,2.22,0.78,12,1,00:05:27,00
626533,-41,24289,31.30,1,1,0.00,0.0,3978,122,-973,-46,981,1,43.6610797,-79.3949777,107.90,1.93,0.78,12,1,00:05:28,00
626843,-48,24289,31.29,1,1,0.00,0.0,3978,125,-972,-43,981,1,43.6610797,-79.3949777,107.90,1.93,0.78,12,1,00:05:28,00
627153,-50,24289,31.30,1,1,0.00,0.0,3978,138,-967,-62,978,1,43.6610797,-79.3949777,107.90,1.93,0.78,12,1,00:05:28,00
627419,-25,24289,31.31,1,1,0.00,0.0,3978,128,-970,-59,980,1,43.6610787,-79.3949868,107.90,2.70,0.78,12,1,00:05:29,00
627708,-42,24289,31.33,1,1,0.00,0.0,3978,116,-975,-30,982,1,43.6610787,-79.3949868,108.80,2.70,0.76,12,1,00:05:29,00
627997,-48,24289,31.33,1,1,0.00,0.0,3978,142,-965,-92,980,1,43.6610787,-79.3949868,108.80,2.70,0.76,12,1,00:05:29,00
628297,-48,24289,31.35,1,1,0.00,0.0,3978,122,-970,-49,979,1,43.6610787,-79.3949868,108.80,2.70,0.76,12,1,00:05:29,00
628592,-42,24289,31.35,1,1,0.00,0.0,3978,130,-969,-67,980,1,43.6610765,-79.3949788,108.00,3.59,0.77,12,1,00:05:30,00
628889,-39,24289,31.35,1,1,0.00,0.0,3978,126,-970,-56,979,1,43.6610765,-79.3949788,108.00,3.59,0.77,12,1,00:05:30,00
629235,-51,24289,31.35,1,1,0.00,0.0,3978,104,-983,-6,988,1,43.6610765,-79.3949788,108.00,3.59,0.77,12,1,00:05:30,00
629520,-41,24289,31.37,1,1,0.00,0.0,3978,148,-967,-96,983,1,43.6610755,-79.3949798,108.90,1.61,0.78,12,1,00:05:31,00
629811,-45,24289,31.37,1,1,0.00,0.0,3978,130,-973,-52,983,1,43.6610755,-79.3949798,108.90,1.61,0.78,12,1,00:05:31,00
630100,-41,24289,31.38,1,1,0.00,0.0,3978,133,-971,-59,982,1,43.6610755,-79.3949798,108.90,1.61,0.78,12,1,00:05:31,00
630367,-37,24289,31.40,1,1,0.00,0.0,3978,127,-969,-57,979,1,43.6610755,-79.3949798,108.90,1.61,0.78,12,1,00:05:31,00
630653,-42,24289,31.38,1,1,0.00,0.0,3978,126,-969,-58,979,1,43.6610805,-79.3949868,108.20,3.56,0.75,12,1,00:05:32,00
630945,-44,24289,31.39,1,1,0.00,0.0,3978,123,-975,-60,985,1,43.6610805,-79.3949868,108.20,3.56,0.75,12,1,00:05:32,00
631238,-44,24289,31.39,1,1,0.00,0.0,3978,128,-968,-67,978,1,43.6610805,-79.3949868,108.20,3.56,0.75,12,1,00:05:32,00
631527,-42,24289,31.41,1,1,0.00,0.0,3978,129,-969,-69,980,1,43.6610860,-79.3949953,108.30,3.46,0.82,12,1,00:05:33,00
631814,-40,24289,31.40,1,1,0.00,0.0,3978,125,-970,-57,979,1,43.6610860,-79.3949953,108.30,3.46,0.82,12,1,00:05:33,00
632111,-45,24289,31.39,1,1,0.00,0.0,3978,130,-971,-65,982,1,43.6610860,-79.3949953,108.30,3.46,0.82,12,1,00:05:33,00
632377,-32,24289,31.40,1,1,0.00,0.0,3978,127,-971,-55,981,1,43.6610860,-79.3949953,108.30,3.46,0.82,12,1,00:05:33,00
632675,-50,24289,31.41,1,1,0.00,0.0,3978,128,-970,-60,980,1,43.6610850,-79.3950018,109.40,2.07,0.80,12,1,00:05:34,00
632976,-43,24289,31.40,1,1,0.00,0.0,3978,128,-970,-60,980,1,43.6610850,-79.3950018,109.40,2.07,0.80,12,1,00:05:34,00
633271,-43,24289,31.42,1,1,0.00,0.0,3978,129,-969,-62,980,1,43.6610850,-79.3950018,109.40,2.07,0.80,12,1,00:05:34,00
633566,-47,24289,31.41,1,1,0.00,0.0,3978,127,-971,-59,981,1,43.6610843,-79.3950080,110.50,1.33,0.75,12,1,00:05:35,00
633927,-40,24289,31.41,1,1,0.00,0.0,3978,131,-971,-61,982,1,43.6610843,-79.3950080,110.50,1.33,0.75,12,1,00:05:35,00
634216,-45,24289,31.42,1,1,0.00,0.0,3978,129,-970,-60,980,1,43.6610843,-79.3950080,110.50,1.33,0.75,12,1,00:05:35,00
634510,-40,24289,31.41,1,1,0.00,0.0,3978,129,-971,-61,981,1,43.6610878,-79.3950123,111.30,1.72,0.75,12,1,00:05:36,00
634803,-44,24289,31.41,1,1,0.00,0.0,3978,137,-970,-52,981,1,43.6610878,-79.3950123,111.30,1.72,0.75,12,1,00:05:36,00
635109,-50,24289,31.42,1,1,0.00,0.0,3978,145,-966,-77,979,1,43.6610878,-79.3950123,111.30,1.72,0.75,12,1,00:05:36,00
635383,-31,24289,31.43,1,1,0.00,0.0,3978,131,-969,-52,979,1,43.6610878,-79.3950123,111.30,1.72,0.75,12,1,00:05:36,00
635678,-49,24289,31.41,1,1,0.00,0.0,3978,135,-970,-62,981,1,43.6610872,-79.3950115,110.90,0.93,0.77,12,1,00:05:37,00
635974,-39,24289,31.42,1,1,0.00,0.0,3978,130,-970,-62,981,1,43.6610872,-79.3950115,110.90,0.93,0.77,12,1,00:05:37,00
636278,-43,24289,31.43,1,1,0.00,0.0,3978,133,-965,-66,976,1,43.6610872,-79.3950115,110.90,0.93,0.77,12,1,00:05:37,00
636573,-45,24289,31.42,1,1,0.00,0.0,3978,134,-970,-81,982,1,43.6610847,-79.3950053,110.10,2.15,0.78,12,1,00:05:38,00
636869,-43,24289,31.43,1,1,0.00,0.0,3978,131,-970,-64,981,1,43.6610847,-79.3950053,110.10,2.15,0.78,12,1,00:05:38,00
637167,-48,24289,31.42,1,1,0.00,0.0,3978,130,-969,-61,980,1,43.6610847,-79.3950053,110.10,2.15,0.78,12,1,00:05:38,00
637448,-38,24289,31.40,1,1,0.00,0.0,3978,131,-970,-63,980,1,43.6610852,-79.3950058,110.10,0.89,0.78,12,1,00:05:39,00
637752,-47,24289,31.41,1,1,0.00,0.0,3978,131,-969,-64,980,1,43.6610852,-79.3950058,109.40,0.89,0.82,12,1,00:05:39,00
638054,-39,24289,31.43,1,1,0.00,0.0,3978,129,-971,-59,982,1,43.6610852,-79.3950058,109.40,0.89,0.82,12,1,00:05:39,00
638354,-39,24289,31.43,1,1,0.00,0.0,3978,132,-969,-62,980,1,43.6610852,-79.3950058,109.40,0.89,0.82,12,1,00:05:39,00
638712,-46,24289,31.42,1,1,0.00,0.0,3978,131,-969,-60,980,1,43.6610808,-79.3950102,110.70,1.96,0.82,12,1,00:05:40,00
639010,-50,24289,31.42,1,1,0.00,0.0,3978,130,-969,-65,980,1,43.6610808,-79.3950102,110.70,1.96,0.82,12,1,00:05:40,00
639313,-41,24289,31.44,1,1,0.00,0.0,3978,131,-970,-60,981,1,43.6610808,-79.3950102,110.70,1.96,0.82,12,1,00:05:40,00
639611,-44,24289,31.42,1,1,0.00,0.0,3978,130,-970,-60,981,1,43.6610822,-79.3950195,111.70,3.57,0.78,12,1,00:05:41,00
639904,-43,24289,31.43,1,1,0.00,0.0,3978,130,-969,-60,980,1,43.6610822,-79.3950195,111.70,3.57,0.78,12,1,00:05:41,00
640207,-49,24289,31.43,1,1,0.00,0.0,3978,129,-969,-62,980,1,43.6610822,-79.3950195,111.70,3.57,0.78,12,1,00:05:41,00
640507,-40,24289,31.43,1,1,0.00,0.0,3978,129,-969,-60,980,1,43.6610870,-79.3950155,109.60,2.56,0.76,12,1,00:05:42,00
640806,-41,24289,31.43,1,1,0.00,0.0,3978,130,-971,-59,982,1,43.6610870,-79.3950155,109.60,2.56,0.76,12,1,00:05:42,00
641109,-40,24289,31.43,1,1,0.00,0.0,3978,129,-971,-60,981,1,43.6610870,-79.3950155,109.60,2.56,0.76,12,1,00:05:42,00
641391,-31,24289,31.43,1,1,0.00,0.0,3978,129,-971,-58,981,1,43.6610850,-79.3950093,109.60,1.41,0.76,12,1,00:05:43,00
641691,-38,24289,31.43,1,1,0.00,0.0,3978,133,-969,-61,980,1,43.6610850,-79.3950093,110.20,1.41,0.77,12,1,00:05:43,00
641995,-48,24289,31.45,1,1,0.00,0.0,3978,128,-970,-57,981,1,43.6610850,-79.3950093,110.20,1.41,0.77,12,1,00:05:43,00
642298,-44,24289,31.43,1,1,0.00,0.0,3978,133,-969,-61,980,1,43.6610850,-79.3950093,110.20,1.41,0.77,12,1,00:05:43,00
642599,-35,24289,31.42,1,1,0.00,0.0,3978,129,-971,-54,981,1,43.6610823,-79.3950025,110.80,2.13,0.83,12,1,00:05:44,00
642908,-42,24289,31.41,1,1,0.00,0.0,3978,130,-971,-50,981,1,43.6610823,-79.3950025,110.80,2.13,0.83,12,1,00:05:44,00
643212,-32,24289,31.43,1,1,0.00,0.0,3978,131,-971,-53,981,1,43.6610823,-79.3950025,110.80,2.13,0.83,12,1,00:05:44,00
643584,-44,24289,31.42,1,1,0.00,0.0,3978,134,-968,-69,980,1,43.6610800,-79.3950007,109.70,1.87,0.75,12,1,00:05:45,00
643889,-37,24289,31.41,1,1,0.00,0.0,3978,131,-970,-61,980,1,43.6610800,-79.3950007,109.70,1.87,0.75,12,1,00:05:45,00
644193,-45,24289,31.41,1,1,0.00,0.0,3978,151,-983,-79,998,1,43.6610800,-79.3950007,109.70,1.87,0.75,12,1,00:05:45,00
644489,-39,24289,31.41,1,1,0.00,0.0,3978,136,-966,-41,976,1,43.6610822,-79.3949893,109.70,4.63,0.75,12,1,00:05:46,00
644788,-52,24289,31.41,1,1,0.00,0.0,3978,142,-963,-57,975,1,43.6610822,-79.3949893,110.50,4.63,0.84,12,1,00:05:46,00
645094,-41,24289,31.40,1,1,0.00,0.0,3978,143,-971,-37,983,1,43.6610822,-79.3949893,110.50,4.63,0.84,12,1,00:05:46,00
645386,-29,24289,31.40,1,1,0.00,0.0,3978,79,-966,-135,978,1,43.6610897,-79.3949995,110.50,5.59,0.84,12,1,00:05:47,00
645702,-26,24289,31.40,1,1,0.00,0.0,3979,61,-964,-58,968,1,43.6610897,-79.3949995,111.00,5.59,0.90,12,1,00:05:47,00
646010,-40,24289,31.41,1,1,1.52,15.9,3980,139,-959,-75,972,1,43.6610897,-79.3949995,111.00,5.59,0.90,12,1,00:05:47,00
646315,-36,24289,31.39,1,1,1.52,15.9,3980,131,-964,-56,974,1,43.6610897,-79.3949995,111.00,5.59,0.90,12,1,00:05:47,00
646625,-36,24289,31.40,1,1,1.52,15.9,3980,115,-975,-52,984,1,43.6611065,-79.3950113,111.10,7.82,0.81,12,1,00:05:48,00
646931,-45,24289,31.39,1,1,1.52,15.9,3980,134,-975,-57,986,1,43.6611065,-79.3950113,111.10,7.82,0.81,12,1,00:05:48,00
647240,-46,24289,31.40,1,1,1.52,15.9,3980,152,-968,-85,983,1,43.6611065,-79.3950113,111.10,7.82,0.81,12,1,00:05:48,00
647552,-45,24289,31.39,1,1,1.52,15.9,3980,141,-982,-30,992,1,43.6611092,-79.3950015,110.70,2.74,0.85,12,1,00:05:49,00
647867,-39,24289,31.39,1,1,1.52,15.9,3980,134,-968,-41,978,1,43.6611092,-79.3950015,110.70,2.74,0.85,12,1,00:05:49,00
648177,-42,24289,31.40,1,1,0.00,0.0,3980,129,-978,-88,991,1,43.6611092,-79.3950015,110.70,2.74,0.85,12,1,00:05:49,00
648548,-33,24289,31.40,1,1,0.00,0.0,3980,97,-981,-62,987,1,43.6611080,-79.3949993,109.30,0.85,0.96,12,1,00:05:50,00
648890,-33,24289,31.40,1,1,0.00,0.0,3981,119,-964,-82,975,1,43.6611080,-79.3949993,109.30,0.85,0.96,12,1,00:05:50,00
649176,-28,24289,31.40,1,1,0.00,0.0,3981,116,-972,-78,981,1,43.6611080,-79.3949993,109.30,0.85,0.96,12,1,00:05:50,00
649449,-27,24289,31.40,1,1,0.70,7.3,3982,135,-967,-31,977,1,43.6611123,-79.3949975,109.30,1.35,0.96,12,1,00:05:51,00
649740,-39,24289,31.39,1,1,0.70,7.3,3982,172,-991,-42,1006,1,43.6611123,-79.3949975,111.40,1.35,0.85,12,1,00:05:51,00
650036,-42,24289,31.40,1,1,0.70,7.3,3982,130,-969,-89,982,1,43.6611123,-79.3949975,111.40,1.35,0.85,12,1,00:05:51,00
650322,-39,24289,31.39,1,1,0.70,7.3,3982,106,-978,-85,988,1,43.6611123,-79.3949975,111.40,1.35,0.85,12,1,00:05:51,00
650613,-40,24289,31.38,1,1,0.70,7.3,3982,118,-966,-79,976,1,43.6611133,-79.3949933,108.20,0.17,0.83,12,1,00:05:52,00
650905,-39,24289,31.40,1,1,0.70,7.3,3982,140,-973,-38,984,1,43.6611133,-79.3949933,108.20,0.17,0.83,12,1,00:05:52,00
651194,-40,24289,31.39,1,1,0.70,7.3,3982,128,-972,-65,983,1,43.6611133,-79.3949933,108.20,0.17,0.83,12,1,00:05:52,00
651482,-30,24289,31.39,1,1,0.00,0.0,3982,134,-970,-58,981,1,43.6611177,-79.3949893,108.20,1.46,0.83,12,1,00:05:53,00
651771,-39,24289,31.39,1,1,0.00,0.0,3982,127,-972,-51,982,1,43.6611177,-79.3949893,107.90,1.46,0.83,12,1,00:05:53,00
652069,-37,24289,31.37,1,1,0.00,0.0,3982,128,-969,-74,981,1,43.6611177,-79.3949893,107.90,1.46,0.83,12,1,00:05:53,00
652351,-30,24289,31.37,1,1,0.00,0.0,3982,132,-970,-61,981,1,43.6611177,-79.3949893,107.90,1.46,0.83,12,1,00:05:53,00
652639,-39,24289,31.37,1,1,0.00,0.0,3982,128,-968,-65,979,1,43.6611187,-79.3949958,108.90,2.85,0.83,12,1,00:05:54,00
652934,-35,24289,31.36,1,1,0.00,0.0,3982,135,-968,-62,979,1,43.6611187,-79.3949958,108.90,2.85,0.83,12,1,00:05:54,00
653295,-34,24289,31.37,1,1,0.00,0.0,3982,132,-969,-51,979,1,43.6611187,-79.3949958,108.90,2.85,0.83,12,1,00:05:54,00
653585,-38,24289,31.38,1,1,0.00,0.0,3982,126,-970,-58,980,1,43.6611235,-79.3949992,109.50,2.04,0.87,12,1,00:05:55,00
653874,-39,24289,31.38,1,1,0.00,0.0,3982,129,-971,-58,981,1,43.6611235,-79.3949992,109.50,2.04,0.87,12,1,00:05:55,00
654169,-40,24289,31.37,1,1,0.00,0.0,3982,131,-971,-57,981,1,43.6611235,-79.3949992,109.50,2.04,0.87,12,1,00:05:55,00
654442,-24,24289,31.36,1,1,0.00,0.0,3982,128,-970,-51,980,1,43.6611233,-79.3949882,109.50,2.67,0.87,12,1,00:05:56,00
654736,-37,24289,31.38,1,1,0.00,0.0,3982,129,-971,-59,981,1,43.6611233,-79.3949882,109.30,2.67,0.87,12,1,00:05:56,00
655030,-35,24289,31.38,1,1,0.00,0.0,3982,133,-970,-58,981,1,43.6611233,-79.3949882,109.30,2.67,0.87,12,1,00:05:56,00
655318,-41,24289,31.36,1,1,0.00,0.0,3982,130,-970,-59,980,1,43.6611233,-79.3949882,109.30,2.67,0.87,12,1,00:05:56,00
655617,-38,24289,31.37,1,1,0.00,0.0,3982,130,-971,-57,982,1,43.6611268,-79.3949740,108.30,3.24,0.86,12,1,00:05:57,00
655913,-44,24289,31.37,1,1,0.00,0.0,3982,130,-970,-56,980,1,43.6611268,-79.3949740,108.30,3.24,0.86,12,1,00:05:57,00
656212,-46,24289,31.37,1,1,0.00,0.0,3982,130,-970,-59,981,1,43.6611268,-79.3949740,108.30,3.24,0.86,12,1,00:05:57,00
656511,-35,24289,31.37,1,1,0.00,0.0,3982,134,-969,-63,980,1,43.6611233,-79.3949728,107.00,2.48,0.93,12,1,00:05:58,00
656802,-38,24289,31.36,1,1,0.00,0.0,3982,129,-969,-59,980,1,43.6611233,-79.3949728,107.00,2.48,0.93,12,1,00:05:58,00
657100,-34,24289,31.37,1,1,0.00,0.0,3982,129,-969,-57,979,1,43.6611233,-79.3949728,107.00,2.48,0.93,12,1,00:05:58,00
657380,-25,24289,31.37,1,1,0.00,0.0,3982,133,-971,-59,982,1,43.6611233,-79.3949728,107.00,2.48,0.93,12,1,00:05:58,00
657673,-37,24289,31.37,1,1,0.00,0.0,3982,130,-969,-62,980,1,43.6611227,-79.3949718,106.40,0.70,0.84,12,1,00:05:59,00
658028,-44,24289,31.35,1,1,0.00,0.0,3982,129,-970,-61,980,1,43.6611227,-79.3949718,106.40,0.70,0.84,12,1,00:05:59,00
658327,-36,24289,31.36,1,1,0.00,0.0,3982,127,-970,-63,981,1,43.6611227,-79.3949718,106.40,0.70,0.84,12,1,00:05:59,00
658620,-33,24289,31.35,1,1,0.00,0.0,3982,117,-968,-61,977,1,43.6611288,-79.3949702,103.70,2.46,0.83,12,1,00:06:00,00
658914,-37,24289,31.34,1,1,0.00,0.0,3982,134,-969,-62,980,1,43.6611288,-79.3949702,103.70,2.46,0.83,12,1,00:06:00,00
659208,-37,24289,31.35,1,1,0.00,0.0,3982,131,-969,-61,980,1,43.6611288,-79.3949702,103.70,2.46,0.83,12,1,00:06:00,00
659507,-31,24289,31.34,1,1,0.00,0.0,3982,135,-968,-58,979,1,43.6611253,-79.3949807,103.70,4.91,0.83,12,1,00:06:01,00
659805,-36,24289,31.34,1,1,0.00,0.0,3982,138,-969,-56,980,1,43.6611253,-79.3949807,102.70,4.91,0.83,12,1,00:06:01,00
660105,-36,24289,31.34,1,1,0.00,0.0,3982,129,-970,-59,980,1,43.6611253,-79.3949807,102.70,4.91,0.83,12,1,00:06:01,00
660405,-28,24289,31.35,1,1,0.00,0.0,3982,134,-968,-68,980,1,43.6611350,-79.3949920,102.70,5.28,0.83,12,1,00:06:02,00
660701,-32,24289,31.35,1,1,0.00,0.0,3982,135,-969,-58,980,1,43.6611350,-79.3949920,102.90,5.28,0.84,12,1,00:06:02,00
661002,-37,24289,31.34,1,1,0.00,0.0,3982,124,-970,-62,980,1,43.6611350,-79.3949920,102.90,5.28,0.84,12,1,00:06:02,00
661305,-35,24289,31.36,1,1,0.00,0.0,3982,138,-970,-56,981,1,43.6611350,-79.3949920,102.90,5.28,0.84,12,1,00:06:02,00
661611,-35,24289,31.35,1,1,0.00,0.0,3982,130,-970,-65,981,1,43.6611282,-79.3949840,102.00,3.91,0.83,12,1,00:06:03,00
661915,-32,24289,31.35,1,1,0.00,0.0,3982,126,-971,-62,981,1,43.6611282,-79.3949840,102.00,3.91,0.83,12,1,00:06:03,00
662220,-31,24289,31.35,1,1,0.00,0.0,3982,127,-970,-62,980,1,43.6611282,-79.3949840,102.00,3.91,0.83,12,1,00:06:03,00
662530,-32,24289,31.33,1,1,0.00,0.0,3982,126,-973,-63,983,1,43.6611233,-79.3949843,103.30,2.69,0.85,12,1,00:06:04,00
662894,-35,24289,31.34,1,1,0.00,0.0,3982,130,-970,-68,981,1,43.6611233,-79.3949843,103.30,2.69,0.85,12,1,00:06:04,00
663194,-32,24289,31.34,1,1,0.00,0.0,3982,130,-968,-58,979,1,43.6611233,-79.3949843,103.30,2.69,0.85,12,1,00:06:04,00
663498,-34,24289,31.33,1,1,0.00,0.0,3982,130,-971,-59,981,1,43.6611172,-79.3949800,103.30,2.98,0.85,12,1,00:06:05,00
663798,-36,24289,31.33,1,1,0.00,0.0,3982,132,-969,-61,979,1,43.6611172,-79.3949800,103.60,2.98,0.80,12,1,00:06:05,00
664102,-35,24289,31.34,1,1,0.00,0.0,3982,129,-969,-64,980,1,43.6611172,-79.3949800,103.60,2.98,0.80,12,1,00:06:05,00
664397,-21,24289,31.30,1,1,0.00,0.0,3982,134,-967,-72,979,1,43.6611140,-79.3949777,103.60,1.65,0.80,12,1,00:06:06,00
664702,-34,24289,31.33,1,1,0.00,0.0,3982,130,-971,-54,981,1,43.6611140,-79.3949777,104.10,1.65,0.78,12,1,00:06:06,00
665003,-40,24289,31.32,1,1,0.00,0.0,3982,132,-971,-61,981,1,43.6611140,-79.3949777,104.10,1.65,0.78,12,1,00:06:06,00
665308,-34,24289,31.33,1,1,0.00,0.0,3982,134,-969,-58,980,1,43.6611140,-79.3949777,104.10,1.65,0.78,12,1,00:06:06,00
665617,-33,24289,31.32,1,1,0.00,0.0,3982,129,-967,-64,978,1,43.6611133,-79.3949863,105.00,2.04,0.84,12,1,00:06:07,00
665926,-30,24289,31.33,1,1,0.00,0.0,3982,128,-970,-58,980,1,43.6611133,-79.3949863,105.00,2.04,0.84,12,1,00:06:07,00
666233,-36,24289,31.31,1,1,0.00,0.0,3982,129,-969,-59,980,1,43.6611133,-79.3949863,105.00,2.04,0.84,12,1,00:06:07,00
666536,-31,24289,31.32,1,1,0.00,0.0,3982,132,-969,-62,980,1,43.6611098,-79.3949945,104.60,2.32,0.85,12,1,00:06:08,00
666849,-31,24289,31.30,1,1,0.00,0.0,3982,130,-969,-62,980,1,43.6611098,-79.3949945,104.60,2.32,0.85,12,1,00:06:08,00
667155,-33,24289,31.30,1,1,0.00,0.0,3982,125,-970,-62,980,1,43.6611098,-79.3949945,104.60,2.32,0.85,12,1,00:06:08,00
667451,-33,24289,31.33,1,1,0.00,0.0,3982,134,-971,-61,982,1,43.6611137,-79.3950030,104.60,2.50,0.85,12,1,00:06:09,00
667816,-44,24289,31.32,1,1,0.00,0.0,3982,129,-974,-52,984,1,43.6611137,-79.3950030,104.70,2.50,0.85,12,1,00:06:09,00
668131,-37,24289,31.31,1,1,0.00,0.0,3982,136,-969,-64,981,1,43.6611137,-79.3950030,104.70,2.50,0.85,12,1,00:06:09,00
668425,-24,24289,31.28,1,1,0.00,0.0,3982,129,-970,-55,981,1,43.6611102,-79.3950073,104.70,2.48,0.85,12,1,00:06:10,00
668733,-36,24289,31.30,1,1,0.00,0.0,3982,127,-971,-58,980,1,43.6611102,-79.3950073,103.70,2.48,0.81,12,1,00:06:10,00
669040,-38,24289,31.30,1,1,0.00,0.0,3982,131,-971,-59,982,1,43.6611102,-79.3950073,103.70,2.48,0.81,12,1,00:06:10,00
669342,-32,24289,31.30,1,1,0.00,0.0,3982,131,-970,-61,980,1,43.6611102,-79.3950073,103.70,2.48,0.81,12,1,00:06:10,00
669649,-37,24289,31.29,1,1,0.00,0.0,3982,130,-970,-61,980,1,43.6611132,-79.3949968,104.10,3.70,0.81,12,1,00:06:11,00
669955,-42,24289,31.31,1,1,0.00,0.0,3982,132,-969,-58,980,1,43.6611132,-79.3949968,104.10,3.70,0.81,12,1,00:06:11,00
670262,-37,24289,31.30,1,1,0.00,0.0,3982,122,-971,-63,980,1,43.6611132,-79.3949968,104.10,3.70,0.81,12,1,00:06:11,00
670603,-35,24289,31.29,1,1,0.00,0.0,3982,130,-968,-64,979,1,43.6611177,-79.3949903,103.20,1.59,0.84,12,1,00:06:12,00
670894,-28,24289,31.29,1,1,0.00,0.0,3982,128,-969,-62,979,1,43.6611177,-79.3949903,103.20,1.59,0.84,12,1,00:06:12,00
671189,-33,24289,31.26,1,1,0.00,0.0,3982,132,-969,-63,980,1,43.6611177,-79.3949903,103.20,1.59,0.84,12,1,00:06:12,00
671475,-28,24289,31.29,1,1,0.00,0.0,3982,131,-970,-63,981,1,43.6611235,-79.3949985,103.20,3.52,0.84,12,1,00:06:13,00
671761,-37,24289,31.29,1,1,0.00,0.0,3982,130,-970,-60,980,1,43.6611235,-79.3949985,105.60,3.52,0.84,12,1,00:06:13,00
672060,-31,24289,31.26,1,1,0.00,0.0,3982,129,-970,-59,980,1,43.6611235,-79.3949985,105.60,3.52,0.84,12,1,00:06:13,00
672348,-40,24289,31.28,1,1,0.00,0.0,3982,131,-969,-60,980,1,43.6611235,-79.3949985,105.60,3.52,0.84,12,1,00:06:13,00
672698,-38,24289,31.26,1,1,0.00,0.0,3982,131,-970,-62,980,1,43.6611215,-79.3949988,107.10,2.11,0.84,12,1,00:06:14,00
672985,-33,24289,31.28,1,1,0.00,0.0,3982,129,-970,-62,980,1,43.6611215,-79.3949988,107.10,2.11,0.84,12,1,00:06:14,00
673274,-32,24289,31.26,1,1,0.00,0.0,3982,130,-969,-64,980,1,43.6611215,-79.3949988,107.10,2.11,0.84,12,1,00:06:14,00
673561,-29,24289,31.26,1,1,0.00,0.0,3982,130,-969,-62,980,1,43.6611180,-79.3950003,107.50,2.30,0.87,12,1,00:06:15,00
673848,-37,24289,31.28,1,1,0.00,0.0,3982,131,-969,-61,980,1,43.6611180,-79.3950003,107.50,2.30,0.87,12,1,00:06:15,00
674133,-35,24289,31.27,1,1,0.00,0.0,3982,130,-969,-60,980,1,43.6611180,-79.3950003,107.50,2.30,0.87,12,1,00:06:15,00
674404,-14,24289,31.28,1,1,0.00,0.0,3982,129,-971,-57,981,1,43.6611170,-79.3950013,107.50,1.93,0.87,12,1,00:06:16,00
674697,-32,24289,31.27,1,1,0.00,0.0,3982,128,-970,-58,981,1,43.6611170,-79.3950013,109.30,1.93,0.83,12,1,00:06:16,00
674990,-29,24289,31.26,1,1,0.00,0.0,3982,129,-970,-58,980,1,43.6611170,-79.3950013,109.30,1.93,0.83,12,1,00:06:16,00
675286,-29,24289,31.29,1,1,0.00,0.0,3982,130,-970,-58,981,1,43.6611170,-79.3950013,109.30,1.93,0.83,12,1,00:06:16,00
675576,-26,24289,31.26,1,1,0.00,0.0,3982,131,-971,-59,981,1,43.6611187,-79.3950035,109.00,2.07,0.82,12,1,00:06:17,00
675871,-37,24289,31.27,1,1,0.00,0.0,3982,127,-970,-58,980,1,43.6611187,-79.3950035,109.00,2.07,0.82,12,1,00:06:17,00
676172,-29,24289,31.26,1,1,0.00,0.0,3982,129,-971,-58,981,1,43.6611187,-79.3950035,109.00,2.07,0.82,12,1,00:06:17,00
676450,-6,24289,31.26,1,1,0.00,0.0,3982,130,-969,-62,980,1,43.6611167,-79.3950062,109.00,1.94,0.82,12,1,00:06:18,00
676744,-21,24289,31.25,1,1,0.00,0.0,3982,133,-968,-63,979,1,43.6611167,-79.3950062,110.20,1.94,0.82,12,1,00:06:18,00
677045,-13,24289,31.27,1,1,0.00,0.0,3982,130,-969,-67,980,1,43.6611167,-79.3950062,110.20,1.94,0.82,12,1,00:06:18,00
677396,-3,24289,31.26,1,1,0.00,0.0,3982,128,-970,-57,980,1,43.6611113,-79.3949932,110.20,3.56,0.82,12,1,00:06:19,00
677690,-14,24289,31.26,1,1,0.00,0.0,3982,127,-970,-61,980,1,43.6611113,-79.3949932,108.70,3.56,0.82,12,1,00:06:19,00
677977,-20,24289,31.27,1,1,0.00,0.0,3982,128,-971,-58,981,1,43.6611113,-79.3949932,108.70,3.56,0.82,12,1,00:06:19,00
678275,-16,24289,31.24,1,1,0.00,0.0,3982,129,-971,-59,981,1,43.6611113,-79.3949932,108.70,3.56,0.82,12,1,00:06:19,00
678566,-16,24289,31.25,1,1,0.00,0.0,3982,129,-969,-60,979,1,43.6611092,-79.3949883,109.40,1.70,0.78,12,1,00:06:20,00
678857,-17,24289,31.26,1,1,0.00,0.0,3982,129,-970,-62,980,1,43.6611092,-79.3949883,109.40,1.70,0.78,12,1,00:06:20,00
679154,-17,24289,31.26,1,1,0.00,0.0,3982,130,-969,-63,980,1,43.6611092,-79.3949883,109.40,1.70,0.78,12,1,00:06:20,00
679435,-5,24289,31.27,1,1,0.00,0.0,3982,134,-972,-55,983,1,43.6611100,-79.3949867,109.40,1.02,0.78,12,1,00:06:21,00
679730,-21,24289,31.26,1,1,0.00,0.0,3982,129,-970,-59,981,1,43.6611100,-79.3949867,111.20,1.02,0.92,12,1,00:06:21,00
680028,-19,24289,31.26,1,1,0.00,0.0,3982,130,-969,-59,979,1,43.6611100,-79.3949867,111.20,1.02,0.92,12,1,00:06:21,00
680326,-20,24289,31.26,1,1,0.00,0.0,3982,136,-966,-72,978,1,43.6611100,-79.3949867,111.20,1.02,0.92,12,1,00:06:21,00
680622,-18,24289,31.24,1,1,0.00,0.0,3982,142,-967,-61,979,1,43.6611125,-79.3949752,112.20,4.43,0.92,12,1,00:06:22,00
680916,-15,24289,31.25,1,1,0.00,0.0,3982,121,-970,-61,979,1,43.6611125,-79.3949752,112.20,4.43,0.92,12,1,00:06:22,00
681218,-13,24289,31.26,1,1,0.00,0.0,3982,121,-972,-65,981,1,43.6611125,-79.3949752,112.20,4.43,0.92,12,1,00:06:22,00
681521,-10,24289,31.26,1,1,0.00,0.0,3982,136,-966,-60,978,1,43.6611198,-79.3949663,110.30,1.63,0.78,12,1,00:06:23,00
681817,-13,24289,31.25,1,1,0.00,0.0,3982,128,-969,-61,980,1,43.6611198,-79.3949663,110.30,1.63,0.78,12,1,00:06:23,00
682188,-16,24289,31.22,1,1,0.00,0.0,3982,130,-970,-60,981,1,43.6611198,-79.3949663,110.30,1.63,0.78,12,1,00:06:23,00
682480,-3,24289,31.25,1,1,0.00,0.0,3982,130,-969,-59,980,1,43.6611218,-79.3949703,110.30,0.63,0.78,12,1,00:06:24,00
682775,-10,24289,31.22,1,1,0.00,0.0,3982,129,-969,-59,979,1,43.6611218,-79.3949703,111.50,0.63,0.78,12,1,00:06:24,00
683082,-17,24289,31.24,1,1,0.00,0.0,3982,130,-970,-60,981,1,43.6611218,-79.3949703,111.50,0.63,0.78,12,1,00:06:24,00
683363,-11,24289,31.25,1,1,0.00,0.0,3982,128,-970,-62,980,1,43.6611218,-79.3949703,111.50,0.63,0.78,12,1,00:06:24,00
683665,-19,24289,31.25,1,1,0.00,0.0,3982,129,-970,-59,980,1,43.6611220,-79.3949673,109.90,1.33,0.78,12,1,00:06:25,00
683967,-20,24289,31.25,1,1,0.00,0.0,3982,131,-971,-60,981,1,43.6611220,-79.3949673,109.90,1.33,0.78,12,1,00:06:25,00
684276,-15,24289,31.23,1,1,0.00,0.0,3982,129,-970,-61,981,1,43.6611220,-79.3949673,109.90,1.33,0.78,12,1,00:06:25,00
684572,-16,24289,31.26,1,1,0.00,0.0,3982,123,-965,-56,974,1,43.6611223,-79.3949688,109.70,1.00,0.78,12,1,00:06:26,00
684871,-15,24289,31.24,1,1,0.00,0.0,3982,131,-970,-60,981,1,43.6611223,-79.3949688,109.70,1.00,0.78,12,1,00:06:26,00
685174,-18,24289,31.24,1,1,0.00,0.0,3982,126,-967,-55,977,1,43.6611223,-79.3949688,109.70,1.00,0.78,12,1,00:06:26,00
685466,-10,24289,31.24,1,1,0.00,0.0,3982,128,-965,-77,977,1,43.6611145,-79.3949642,109.70,4.72,0.78,12,1,00:06:27,00
685776,-20,24289,31.22,1,1,0.00,0.0,3982,122,-967,-83,978,1,43.6611145,-79.3949642,109.70,4.72,0.78,12,1,00:06:27,00
686081,-18,24289,31.23,1,1,0.00,0.0,3982,136,-970,-55,981,1,43.6611145,-79.3949642,109.70,4.72,0.78,12,1,00:06:27,00
686376,-14,24289,31.24,1,1,0.00,0.0,3982,133,-969,-57,980,1,43.6611145,-79.3949642,109.70,4.72,0.78,12,1,00:06:27,00
686682,-19,24289,31.23,1,1,0.00,0.0,3982,132,-969,-62,980,1,43.6611117,-79.3949642,108.10,1.93,0.86,12,1,00:06:28,00
687050,-20,24289,31.22,1,1,0.00,0.0,3982,128,-972,-60,983,1,43.6611117,-79.3949642,108.10,1.93,0.86,12,1,00:06:28,00
687348,-9,24289,31.24,1,1,0.00,0.0,3982,119,-973,-69,983,1,43.6611117,-79.3949642,108.10,1.93,0.86,12,1,00:06:28,00
687654,-13,24289,31.22,1,1,0.00,0.0,3982,145,-964,-55,977,1,43.6611115,-79.3949682,107.10,1.17,0.81,12,1,00:06:29,00
687962,-16,24289,31.22,1,1,0.00,0.0,3982,110,-970,-47,977,1,43.6611115,-79.3949682,107.10,1.17,0.81,12,1,00:06:29,00
688269,-22,24289,31.23,1,1,0.00,0.0,3982,138,-969,-64,981,1,43.6611115,-79.3949682,107.10,1.17,0.81,12,1,00:06:29,00
688569,-18,24289,31.22,1,1,0.00,0.0,3982,126,-971,-56,981,1,43.6611095,-79.3949710,108.10,0.48,1.10,12,1,00:06:30,00
688874,-14,24289,31.22,1,1,0.00,0.0,3982,130,-968,-64,979,1,43.6611095,-79.3949710,108.10,0.48,1.10,12,1,00:06:30,00
689185,-21,24289,31.23,1,1,0.00,0.0,3982,135,-967,-63,979,1,43.6611095,-79.3949710,108.10,0.48,1.10,12,1,00:06:30,00
689495,-14,24289,31.22,1,1,0.00,0.0,3982,134,-968,-66,980,1,43.6611040,-79.3949797,108.10,2.98,1.10,12,1,00:06:31,00
689806,-18,24289,31.21,1,1,0.00,0.0,3982,132,-970,-64,981,1,43.6611040,-79.3949797,109.40,2.98,1.00,12,1,00:06:31,00
690120,-16,24289,31.20,1,1,0.00,0.0,3982,132,-971,-61,982,1,43.6611040,-79.3949797,109.40,2.98,1.00,12,1,00:06:31,00
690401,1,24289,31.21,1,1,0.00,0.0,3982,131,-969,-60,979,1,43.6611027,-79.3949772,109.40,1.39,1.00,12,1,00:06:32,00
690708,-20,24289,31.20,1,1,0.00,0.0,3982,130,-971,-58,981,1,43.6611027,-79.3949772,108.00,1.39,1.09,12,1,00:06:32,00
691016,-15,24289,31.21,1,1,0.00,0.0,3982,133,-969,-60,980,1,43.6611027,-79.3949772,108.00,1.39,1.09,12,1,00:06:32,00
691329,-14,24289,31.23,1,1,0.00,0.0,3982,127,-970,-63,980,1,43.6611027,-79.3949772,108.00,1.39,1.09,12,1,00:06:32,00
691648,-17,24289,31.20,1,1,0.00,0.0,3982,130,-971,-59,982,1,43.6611072,-79.3949715,107.40,3.09,0.92,12,1,00:06:33,00
692069,-18,24289,31.20,1,1,0.00,0.0,3982,130,-971,-53,981,1,43.6611072,-79.3949715,107.40,3.09,0.92,12,1,00:06:33,00
692353,-12,24289,31.21,1,1,0.00,0.0,3982,129,-970,-59,980,1,43.6611072,-79.3949715,107.40,3.09,0.92,12,1,00:06:33,00
692637,-14,24289,31.20,1,1,0.00,0.0,3982,130,-971,-59,982,1,43.6611102,-79.3949762,108.30,1.69,0.92,12,1,00:06:34,00
692926,-18,24289,31.19,1,1,0.00,0.0,3982,131,-970,-64,981,1,43.6611102,-79.3949762,108.30,1.69,0.92,12,1,00:06:34,00
693214,-17,24289,31.18,1,1,0.00,0.0,3982,128,-971,-61,982,1,43.6611102,-79.3949762,108.30,1.69,0.92,12,1,00:06:34,00
693503,-12,24289,31.19,1,1,0.00,0.0,3982,128,-970,-60,980,1,43.6611055,-79.3949663,108.30,4.32,0.92,12,1,00:06:35,00
693797,-15,24289,31.18,1,1,0.00,0.0,3982,130,-970,-62,980,1,43.6611055,-79.3949663,107.60,4.32,0.92,12,1,00:06:35,00
694086,-15,24289,31.18,1,1,0.00,0.0,3982,130,-969,-60,979,1,43.6611055,-79.3949663,107.60,4.32,0.92,12,1,00:06:35,00
694367,-5,24289,31.20,1,1,0.00,0.0,3982,126,-970,-57,980,1,43.6611055,-79.3949663,107.60,4.32,0.92,12,1,00:06:35,00
694656,-18,24289,31.19,1,1,0.00,0.0,3982,130,-970,-61,981,1,43.6611003,-79.3949543,107.70,3.28,0.92,12,1,00:06:36,00
694947,-20,24289,31.19,1,1,0.00,0.0,3982,131,-966,-62,976,1,43.6611003,-79.3949543,107.70,3.28,0.92,12,1,00:06:36,00
695235,-16,24289,31.19,1,1,0.00,0.0,3982,127,-970,-54,979,1,43.6611003,-79.3949543,107.70,3.28,0.92,12,1,00:06:36,00
695525,-13,24289,31.20,1,1,0.00,0.0,3982,132,-970,-64,981,1,43.6610992,-79.3949625,108.20,3.17,0.89,12,1,00:06:37,00
695825,-18,24289,31.17,1,1,0.00,0.0,3982,136,-969,-65,980,1,43.6610992,-79.3949625,108.20,3.17,0.89,12,1,00:06:37,00
696120,-18,24289,31.17,1,1,0.00,0.0,3982,125,-971,-57,980,1,43.6610992,-79.3949625,108.20,3.17,0.89,12,1,00:06:37,00
696400,-9,24289,31.18,1,1,0.00,0.0,3982,127,-970,-54,980,1,43.6611017,-79.3949680,108.20,1.61,0.89,12,1,00:06:38,00
696754,-13,24289,31.17,1,1,0.00,0.0,3982,124,-971,-64,981,1,43.6611017,-79.3949680,107.70,1.61,0.86,12,1,00:06:38,00
697047,-15,24289,31.17,1,1,0.00,0.0,3982,130,-963,-69,974,1,43.6611017,-79.3949680,107.70,1.61,0.86,12,1,00:06:38,00
697340,-13,24289,31.18,1,1,0.00,0.0,3982,120,-972,-60,981,1,43.6611017,-79.3949680,107.70,1.61,0.86,12,1,00:06:38,00
697634,-15,24289,31.18,1,1,0.00,0.0,3982,117,-966,-63,975,1,43.6610985,-79.3949688,108.20,1.83,0.87,12,1,00:06:39,00
697930,-15,24289,31.18,1,1,0.00,0.0,3982,112,-968,-57,976,1,43.6610985,-79.3949688,108.20,1.83,0.87,12,1,00:06:39,00
698221,-11,24289,31.16,1,1,0.00,0.0,3983,123,-975,-57,985,1,43.6610985,-79.3949688,108.20,1.83,0.87,12,1,00:06:39,00
698522,-15,24289,31.16,1,1,0.00,0.0,3983,122,-966,-62,976,1,43.6610993,-79.3949670,108.60,1.52,0.87,12,1,00:06:40,00
698814,-37,24289,31.16,1,1,0.62,6.4,3984,114,-983,-60,991,1,43.6610993,-79.3949670,108.60,1.52,0.87,12,1,00:06:40,00
699107,-12,24289,31.18,1,1,0.62,6.4,3984,120,-984,-61,993,1,43.6610993,-79.3949670,108.60,1.52,0.87,12,1,00:06:40,00
699377,677,24289,31.19,1,1,0.84,8.7,3985,115,-978,-67,987,1,43.6610993,-79.3949670,108.60,1.52,0.87,12,1,00:06:40,00
699678,2796,24289,31.19,1,1,0.84,8.7,3985,100,-960,-61,967,1,43.6611000,-79.3949683,109.40,0.57,0.83,12,1,00:06:41,00
699978,6378,24289,31.19,1,1,1.07,11.2,3986,101,-979,-81,987,1,43.6611000,-79.3949683,109.40,0.57,0.83,12,1,00:06:41,00
700273,10646,24289,31.14,1,1,1.47,15.3,3987,100,-953,-84,962,1,43.6611000,-79.3949683,109.40,0.57,0.83,12,1,00:06:41,00
700573,16267,24289,31.11,1,1,1.85,19.3,3988,72,-968,-44,972,1,43.6610968,-79.3949647,108.10,2.04,0.75,12,1,00:06:42,00
700872,22140,24289,31.17,1,1,2.22,23.2,3990,65,-966,-71,971,1,43.6610968,-79.3949647,108.10,2.04,0.75,12,1,00:06:42,00
701177,24354,24289,31.19,1,1,3.18,33.2,3992,95,-977,-75,984,1,43.6610968,-79.3949647,108.10,2.04,0.75,12,1,00:06:42,00
701536,19364,24289,31.14,1,1,3.97,41.4,3995,87,-980,-74,986,1,43.6611052,-79.3949603,108.10,4.00,0.81,12,1,00:06:43,00
701831,18660,24289,31.17,1,1,4.87,50.8,3998,70,-1006,-81,1012,1,43.6611052,-79.3949603,108.10,4.00,0.81,12,1,00:06:43,00
702127,15821,24289,31.10,1,1,3.98,41.6,4001,97,-976,-80,984,1,43.6611052,-79.3949603,108.10,4.00,0.81,12,1,00:06:43,00
702409,15577,24289,31.16,1,1,5.84,61.0,4004,112,-991,-125,1005,1,43.6611145,-79.3949437,108.10,6.06,0.81,12,1,00:06:44,00
702712,16530,24289,31.11,1,1,4.71,49.2,4007,72,-937,-40,941,1,43.6611145,-79.3949437,106.90,6.06,0.77,12,1,00:06:44,00
703006,22170,24289,31.14,1,1,6.74,70.4,4011,63,-886,-21,889,1,43.6611145,-79.3949437,106.90,6.06,0.77,12,1,00:06:44,00
703302,22328,24289,31.13,1,1,7.39,77.2,4016,114,-952,-135,969,1,43.6611145,-79.3949437,106.90,6.06,0.77,12,1,00:06:44,00
703603,23231,24289,31.11,1,1,7.95,83.1,4021,132,-954,-159,976,1,43.6611188,-79.3949162,107.90,8.67,0.77,12,1,00:06:45,00
703900,21211,24289,31.17,1,1,6.84,71.4,4025,139,-951,-122,969,1,43.6611188,-79.3949162,107.90,8.67,0.77,12,1,00:06:45,00
704205,21573,24289,31.14,1,1,7.58,79.1,4030,91,-947,-77,955,1,43.6611188,-79.3949162,107.90,8.67,0.77,12,1,00:06:45,00
704501,22568,24289,31.17,1,1,9.70,101.4,4036,98,-946,-161,965,1,43.6611153,-79.3948822,107.90,8.59,0.77,12,1,00:06:46,00
704811,20632,24289,31.15,1,1,8.73,91.2,4042,42,-1089,-144,1099,1,43.6611153,-79.3948822,105.30,8.59,0.77,12,1,00:06:46,00
705115,20372,24289,31.16,1,1,8.90,92.9,4047,100,-955,-78,963,1,43.6611153,-79.3948822,105.30,8.59,0.77,12,1,00:06:46,00
705413,19288,24289,31.16,1,1,9.77,102.0,4054,117,-901,-32,909,1,43.6611193,-79.3948520,105.30,8.37,0.77,12,1,00:06:47,00
705715,20524,24289,31.13,1,1,10.08,105.3,4060,45,-1000,-70,1003,1,43.6611193,-79.3948520,103.90,8.37,0.77,12,1,00:06:47,00
706022,19173,24289,31.14,1,1,10.71,111.8,4067,213,-885,-125,919,1,43.6611193,-79.3948520,103.90,8.37,0.77,12,1,00:06:47,00
706377,19846,24289,31.12,1,1,9.89,103.2,4074,187,-783,-46,806,1,43.6611193,-79.3948520,103.90,8.37,0.77,12,1,00:06:47,00
706673,22255,24289,31.18,1,1,11.56,120.7,4081,45,-1123,-93,1128,1,43.6611307,-79.3948192,103.00,10.76,0.74,12,1,00:06:48,00
706979,24371,24289,31.16,1,1,12.12,126.6,4089,20,-1108,-159,1120,1,43.6611307,-79.3948192,103.00,10.76,0.74,12,1,00:06:48,00
707280,24520,24289,31.13,1,1,12.56,131.1,4097,97,-928,-71,936,1,43.6611307,-79.3948192,103.00,10.76,0.74,12,1,00:06:48,00
707588,24494,24289,31.15,1,1,13.07,136.5,4105,114,-858,-108,872,1,43.6611502,-79.3947820,99.90,12.69,0.74,12,1,00:06:49,00
707889,24226,24289,31.15,1,1,13.72,143.3,4114,119,-1010,-143,1027,1,43.6611502,-79.3947820,99.90,12.69,0.74,12,1,00:06:49,00
708190,-327,24289,31.13,1,1,14.13,147.5,4123,178,-903,-164,935,1,43.6611502,-79.3947820,99.90,12.69,0.74,12,1,00:06:49,00
708497,-324,24289,31.16,1,1,14.17,148.0,4132,193,-980,44,1000,1,43.6611655,-79.3947398,99.90,12.69,0.74,12,1,00:06:50,00
708800,-136,24289,31.15,1,1,14.22,148.5,4141,-20,-1075,-75,1078,1,43.6611655,-79.3947398,98.10,12.69,0.78,12,1,00:06:50,00
709112,128,24289,31.15,1,1,14.13,147.5,4150,396,-490,34,631,1,43.6611655,-79.3947398,98.10,12.69,0.78,12,1,00:06:50,00
709415,878,24289,31.17,1,1,12.52,130.7,4158,141,-956,-20,966,1,43.6611893,-79.3946938,98.10,16.52,0.78,12,1,00:06:51,00
709723,2107,24289,31.16,1,1,12.60,131.6,4166,172,-928,-138,954,1,43.6611893,-79.3946938,98.80,16.52,0.78,12,1,00:06:51,00
710030,4535,24289,31.16,1,1,14.22,148.5,4175,186,-789,-158,826,1,43.6611893,-79.3946938,98.80,16.52,0.78,12,1,00:06:51,00
710336,8659,24289,31.19,1,1,14.46,151.1,4185,104,-1217,-151,1231,1,43.6611893,-79.3946938,98.80,16.52,0.78,12,1,00:06:51,00
710648,14434,24289,31.20,1,1,14.46,151.0,4194,91,-915,-135,929,1,43.6612213,-79.3946403,100.00,19.83,0.79,12,1,00:06:52,00
710958,19580,24289,31.20,1,1,12.90,134.7,4202,119,-933,-111,947,1,43.6612213,-79.3946403,100.00,19.83,0.79,12,1,00:06:52,00
711335,20716,24289,31.23,1,1,12.53,130.9,4212,25,-961,79,965,1,43.6612213,-79.3946403,100.00,19.83,0.79,12,1,00:06:52,00
711645,20357,24289,31.20,1,1,15.01,156.7,4222,129,-847,38,857,1,43.6612458,-79.3945903,98.60,16.04,0.81,12,1,00:06:53,00
711946,21165,24289,31.24,1,1,15.01,156.8,4231,89,-991,4,995,1,43.6612458,-79.3945903,98.60,16.04,0.81,12,1,00:06:53,00
712254,19656,24289,31.21,1,1,15.30,159.7,4241,148,-970,-188,999,1,43.6612458,-79.3945903,98.60,16.04,0.81,12,1,00:06:53,00
712561,19409,24289,31.22,1,1,15.49,161.8,4251,79,-975,-107,984,1,43.6612690,-79.3945428,96.30,16.17,0.79,12,1,00:06:54,00
712872,17425,24289,31.22,1,1,15.65,163.4,4261,248,-721,-176,783,1,43.6612690,-79.3945428,96.30,16.17,0.79,12,1,00:06:54,00
713186,16690,24289,31.24,1,1,14.38,150.2,4271,106,-985,-234,1018,1,43.6612690,-79.3945428,96.30,16.17,0.79,12,1,00:06:54,00
713500,17281,24289,31.28,1,1,15.75,164.5,4281,64,-1150,-37,1153,1,43.6612907,-79.3945030,96.30,13.13,0.79,12,1,00:06:55,00
713846,16618,24289,31.29,1,1,13.41,140.1,4291,38,-929,150,942,1,43.6612907,-79.3945030,95.50,13.13,0.80,12,1,00:06:55,00
714142,-241,24289,31.29,1,1,15.67,163.6,4300,200,-565,27,600,1,43.6612907,-79.3945030,95.50,13.13,0.80,12,1,00:06:55,00
714424,-240,24289,31.29,1,1,14.04,146.6,4309,81,-990,83,997,1,43.6613133,-79.3944667,95.50,13.24,0.80,12,1,00:06:56,00
714709,-235,24289,31.31,1,1,13.83,144.4,4317,132,-968,-169,992,1,43.6613133,-79.3944667,95.20,13.24,0.80,12,1,00:06:56,00
715004,-231,24289,31.32,1,1,15.33,160.1,4326,236,-838,62,873,1,43.6613133,-79.3944667,95.20,13.24,0.80,12,1,00:06:56,00
715300,-211,24289,31.35,1,1,14.04,146.6,4335,134,-1092,-130,1108,1,43.6613133,-79.3944667,95.20,13.24,0.80,12,1,00:06:56,00
715594,-195,24289,31.35,1,1,15.33,160.1,4344,169,-1028,-121,1048,1,43.6613418,-79.3944245,94.00,16.98,0.80,12,1,00:06:57,00
715885,-159,24289,31.37,1,1,13.90,145.2,4353,114,-1018,-58,1026,1,43.6613418,-79.3944245,94.00,16.98,0.80,12,1,00:06:57,00
716238,-149,24289,31.39,1,1,12.67,132.4,4362,158,-996,-262,1042,1,43.6613418,-79.3944245,94.00,16.98,0.80,12,1,00:06:57,00
716525,-159,24289,31.41,1,1,15.12,157.9,4371,184,-876,-111,903,1,43.6613693,-79.3943888,93.00,14.54,0.80,12,1,00:06:58,00
716817,-158,24289,31.44,1,1,15.35,160.3,4381,122,-1002,-147,1020,1,43.6613693,-79.3943888,93.00,14.54,0.80,12,1,00:06:58,00
717110,-152,24289,31.45,1,1,13.49,140.8,4389,112,-812,17,820,1,43.6613693,-79.3943888,93.00,14.54,0.80,12,1,00:06:58,00
717398,-130,24289,31.46,1,1,15.23,159.0,4398,182,-805,15,825,1,43.6613918,-79.3943535,93.00,13.54,0.80,12,1,00:06:59,00
717698,-111,24289,31.50,1,1,15.35,160.3,4408,176,-835,-80,857,1,43.6613918,-79.3943535,92.20,13.54,0.79,12,1,00:06:59,00
717988,-120,24289,31.51,1,1,13.44,140.4,4416,70,-1143,-60,1147,1,43.6613918,-79.3943535,92.20,13.54,0.79,12,1,00:06:59,00
718278,23,24289,31.53,1,1,13.35,139.4,4424,65,-880,-116,890,1,43.6613918,-79.3943535,92.20,13.54,0.79,12,1,00:06:59,00
718575,159,24289,31.54,1,1,14.96,156.3,4433,122,-975,-95,987,1,43.6614210,-79.3943113,90.50,17.96,0.79,12,1,00:07:00,00
718868,404,24289,31.56,1,1,14.81,154.6,4442,125,-1012,-59,1021,1,43.6614210,-79.3943113,90.50,17.96,0.79,12,1,00:07:00,00
719167,1979,24289,31.57,1,1,15.01,156.7,4452,102,-909,-20,915,1,43.6614210,-79.3943113,90.50,17.96,0.79,12,1,00:07:00,00
719451,5232,24289,31.60,1,1,14.66,153.1,4461,8,-1057,12,1057,1,43.6614390,-79.3942832,90.50,10.85,0.79,12,1,00:07:01,00
719752,9107,24289,31.59,1,1,14.40,150.4,4469,95,-957,75,964,1,43.6614390,-79.3942832,88.40,10.85,0.90,12,1,00:07:01,00
720049,15505,24289,31.60,1,1,14.78,154.3,4479,149,-1003,37,1014,1,43.6614390,-79.3942832,88.40,10.85,0.90,12,1,00:07:01,00
720344,14116,24289,31.68,1,1,14.61,152.5,4488,189,-896,-216,941,1,43.6614390,-79.3942832,88.40,10.85,0.90,12,1,00:07:01,00
720644,18844,24289,31.66,1,1,14.61,152.5,4497,152,-886,-44,900,1,43.6614685,-79.3942607,88.60,13.70,0.87,12,1,00:07:02,00
721001,18890,24289,31.68,1,1,13.30,138.9,4507,110,-1066,-221,1095,1,43.6614685,-79.3942607,88.60,13.70,0.87,12,1,00:07:02,00
721295,19472,24289,31.68,1,1,14.03,146.5,4515,132,-1093,-297,1141,1,43.6614685,-79.3942607,88.60,13.70,0.87,12,1,00:07:02,00
721588,19296,24289,31.76,1,1,14.17,148.0,4524,48,-899,78,904,1,43.6614997,-79.3942547,90.60,10.65,0.87,12,1,00:07:03,00
721890,19329,24289,31.73,1,1,13.99,146.1,4533,123,-893,-28,901,1,43.6614997,-79.3942547,90.60,10.65,0.87,12,1,00:07:03,00
722186,23543,24289,31.77,1,1,13.68,142.9,4541,62,-956,-67,961,1,43.6614997,-79.3942547,90.60,10.65,0.87,12,1,00:07:03,00
722479,24086,24289,31.79,1,1,12.32,128.6,4549,47,-939,-211,964,1,43.6615202,-79.3942308,90.60,10.70,0.87,12,1,00:07:04,00
722786,24520,24289,31.80,1,1,13.86,144.7,4558,151,-894,-114,914,1,43.6615202,-79.3942308,89.70,10.70,0.86,12,1,00:07:04,00
723089,24066,24289,31.86,1,1,13.73,143.4,4566,85,-866,-182,889,1,43.6615202,-79.3942308,89.70,10.70,0.86,12,1,00:07:04,00
723384,20905,24289,31.86,1,1,14.22,148.5,4575,10,-1025,-43,1026,1,43.6615202,-79.3942308,89.70,10.70,0.86,12,1,00:07:04,00
723680,8087,24289,31.85,1,1,14.41,150.5,4584,69,-1161,-218,1183,1,43.6615453,-79.3942093,89.40,10.91,0.95,12,1,00:07:05,00
723987,-290,24289,31.88,1,1,12.73,132.9,4592,164,-984,-61,1000,1,43.6615453,-79.3942093,89.40,10.91,0.95,12,1,00:07:05,00
724283,-293,24289,31.89,1,1,14.13,147.5,4601,135,-972,-174,996,1,43.6615453,-79.3942093,89.40,10.91,0.95,12,1,00:07:05,00
724581,-283,24289,31.90,1,1,13.95,145.6,4610,141,-1005,-121,1022,1,43.6615695,-79.3941963,89.90,9.35,0.74,12,1,00:07:06,00
724881,-278,24289,31.95,1,1,13.53,141.3,4618,47,-1121,-179,1136,1,43.6615695,-79.3941963,89.90,9.35,0.74,12,1,00:07:06,00
725180,-257,24289,31.93,1,1,13.39,139.9,4626,137,-973,-17,983,1,43.6615695,-79.3941963,89.90,9.35,0.74,12,1,00:07:06,00
725479,-230,24289,31.96,1,1,13.30,138.9,4635,76,-1042,-69,1047,1,43.6616000,-79.3941813,89.90,14.04,0.74,12,1,00:07:07,00
725842,-222,24289,31.97,1,1,10.58,110.5,4643,145,-807,-121,828,1,43.6616000,-79.3941813,89.20,14.04,0.74,12,1,00:07:07,00
726144,-46,24289,32.02,1,1,12.68,132.5,4651,95,-1031,-10,1035,1,43.6616000,-79.3941813,89.20,14.04,0.74,12,1,00:07:07,00
726424,78,24289,32.05,1,1,12.28,128.2,4658,93,-861,-54,868,1,43.6616125,-79.3941475,89.20,12.72,0.74,12,1,00:07:08,00
726730,507,24289,32.00,1,1,12.24,127.8,4666,174,-905,-93,927,1,43.6616125,-79.3941475,83.10,12.72,0.74,12,1,00:07:08,00
727034,2978,24289,32.06,1,1,11.76,122.8,4673,163,-990,-221,1027,1,43.6616125,-79.3941475,83.10,12.72,0.74,12,1,00:07:08,00
727337,6531,24289,32.14,1,1,11.79,123.1,4681,120,-894,-139,913,1,43.6616125,-79.3941475,83.10,12.72,0.74,12,1,00:07:08,00
727636,12752,24289,32.07,1,1,11.52,120.3,4688,45,-1056,37,1057,1,43.6616440,-79.3941365,83.10,11.06,0.78,12,1,00:07:09,00
727942,16894,24289,32.14,1,1,11.48,119.9,4695,156,-901,-136,925,1,43.6616440,-79.3941365,83.10,11.06,0.78,12,1,00:07:09,00
728246,21276,24289,32.16,1,1,11.86,123.8,4703,138,-1001,-160,1024,1,43.6616440,-79.3941365,83.10,11.06,0.78,12,1,00:07:09,00
728548,24037,24289,32.18,1,1,11.72,122.4,4710,117,-1002,-136,1018,1,43.6616723,-79.3941320,83.80,9.26,0.88,12,1,00:07:10,00
728849,24520,24289,32.17,1,1,12.12,126.6,4718,62,-932,10,934,1,43.6616723,-79.3941320,83.80,9.26,0.88,12,1,00:07:10,00
729161,24520,24289,32.20,1,1,12.40,129.4,4726,93,-1081,-313,1129,1,43.6616723,-79.3941320,83.80,9.26,0.88,12,1,00:07:10,00
729454,24520,24289,32.20,1,1,12.68,132.5,4734,108,-1051,-183,1072,1,43.6617063,-79.3941195,83.80,14.20,0.88,12,1,00:07:11,00
729765,24434,24289,32.25,1,1,11.28,117.8,4741,150,-899,-116,918,1,43.6617063,-79.3941195,83.50,14.20,0.83,12,1,00:07:11,00
730073,24520,24289,32.28,1,1,13.16,137.5,4749,-3,-1016,33,1017,1,43.6617063,-79.3941195,83.50,14.20,0.83,12,1,00:07:11,00
730370,24514,24289,32.31,1,1,13.51,141.1,4758,52,-1018,129,1028,1,43.6617063,-79.3941195,83.50,14.20,0.83,12,1,00:07:11,00
730744,24471,24289,32.32,1,1,11.52,120.3,4767,210,-937,-46,961,1,43.6617240,-79.3941185,84.90,5.46,0.95,12,1,00:07:12,00
731054,22817,24289,32.33,1,1,14.13,147.5,4776,11,-915,-19,915,1,43.6617240,-79.3941185,84.90,5.46,0.95,12,1,00:07:12,00
731350,22657,24289,32.33,1,1,14.32,149.5,4785,120,-1105,-82,1115,1,43.6617240,-79.3941185,84.90,5.46,0.95,12,1,00:07:12,00
731652,23598,24289,32.39,1,1,14.46,151.0,4794,116,-758,-1,767,1,43.6617373,-79.3941160,84.40,4.98,1.01,12,1,00:07:13,00
731955,21437,24289,32.40,1,1,14.71,153.6,4803,43,-1167,-52,1169,1,43.6617373,-79.3941160,84.40,4.98,1.01,12,1,00:07:13,00
732262,22098,24289,32.39,1,1,15.01,156.7,4813,66,-1000,28,1002,1,43.6617373,-79.3941160,84.40,4.98,1.01,12,1,00:07:13,00
732576,-501,24289,32.44,1,1,15.06,157.2,4823,135,-827,5,838,1,43.6617547,-79.3941172,85.50,6.19,0.96,12,1,00:07:14,00
732884,-485,24289,32.47,1,1,13.03,136.1,4831,228,-805,-186,857,1,43.6617547,-79.3941172,85.50,6.19,0.96,12,1,00:07:14,00
733197,-462,24289,32.49,1,1,14.55,152.0,4841,114,-1048,9,1054,1,43.6617547,-79.3941172,85.50,6.19,0.96,12,1,00:07:14,00
733501,-419,24289,32.51,1,1,14.08,147.1,4850,151,-915,-53,929,1,43.6618002,-79.3941325,85.50,16.65,0.96,12,1,00:07:15,00
733809,-382,24289,32.54,1,1,13.81,144.2,4859,99,-871,-47,877,1,43.6618002,-79.3941325,86.00,16.65,1.01,12,1,00:07:15,00
734121,-362,24289,32.57,1,1,11.64,121.5,4866,127,-948,1,956,1,43.6618002,-79.3941325,86.00,16.65,1.01,12,1,00:07:15,00
734421,-323,24289,32.59,1,1,13.22,138.0,4875,136,-919,-91,933,1,43.6618428,-79.3941443,86.00,13.54,1.01,12,1,00:07:16,00
734731,-313,24289,32.61,1,1,12.81,133.8,4883,23,-1026,-15,1026,1,43.6618428,-79.3941443,87.30,13.54,0.94,12,1,00:07:16,00
735045,-299,24289,32.62,1,1,10.92,114.0,4890,148,-932,-84,947,1,43.6618428,-79.3941443,87.30,13.54,0.94,12,1,00:07:16,00
735358,-270,24289,32.70,1,1,12.20,127.4,4898,136,-986,-44,996,1,43.6618428,-79.3941443,87.30,13.54,0.94,12,1,00:07:16,00
735775,-245,24289,32.71,1,1,10.02,104.7,4907,101,-900,4,906,1,43.6618827,-79.3941513,87.70,13.39,1.03,12,1,00:07:17,00
736060,-234,24289,32.72,1,1,11.13,116.3,4913,122,-941,-48,950,1,43.6618827,-79.3941513,87.70,13.39,1.03,12,1,00:07:17,00
736346,-224,24289,32.76,1,1,11.17,116.7,4920,211,-941,-166,979,1,43.6618827,-79.3941513,87.70,13.39,1.03,12,1,00:07:17,00
736634,-208,24289,32.77,1,1,10.72,111.9,4926,101,-937,-5,942,1,43.6619192,-79.3941833,90.30,11.82,0.96,12,1,00:07:18,00
736925,-201,24289,32.77,1,1,10.78,112.5,4933,117,-907,-28,915,1,43.6619192,-79.3941833,90.30,11.82,0.96,12,1,00:07:18,00
737213,-86,24289,32.81,1,1,10.26,107.1,4939,152,-903,15,916,1,43.6619192,-79.3941833,90.30,11.82,0.96,12,1,00:07:18,00
737503,41,24289,32.83,1,1,10.19,106.4,4945,116,-1000,-100,1012,1,43.6619550,-79.3942023,90.30,12.04,0.96,12,1,00:07:19,00
737792,237,24289,32.85,1,1,9.94,103.8,4951,178,-1064,-191,1095,1,43.6619550,-79.3942023,92.10,12.04,1.10,12,1,00:07:19,00
738086,2371,24289,32.87,1,1,9.74,101.7,4957,86,-933,19,937,1,43.6619550,-79.3942023,92.10,12.04,1.10,12,1,00:07:19,00
738365,7915,24289,32.91,1,1,9.51,99.3,4963,107,-981,-101,991,1,43.6619550,-79.3942023,92.10,12.04,1.10,12,1,00:07:19,00
738653,13684,24289,32.94,1,1,9.21,96.2,4968,70,-1043,-178,1061,1,43.6619812,-79.3942233,93.50,9.96,1.10,12,1,00:07:20,00
738946,17930,24289,32.95,1,1,9.48,99.0,4974,55,-998,-30,999,1,43.6619812,-79.3942233,93.50,9.96,1.10,12,1,00:07:20,00
739240,21691,24289,33.00,1,1,9.64,100.7,4980,117,-906,-6,913,1,43.6619812,-79.3942233,93.50,9.96,1.10,12,1,00:07:20,00
739539,24378,24289,33.03,1,1,9.84,102.7,4986,92,-1000,-153,1016,1,43.6620060,-79.3942413,94.50,10.56,1.21,12,1,00:07:21,00
739835,24520,24289,33.02,1,1,10.34,108.0,4993,83,-1126,-166,1141,1,43.6620060,-79.3942413,94.50,10.56,1.21,12,1,00:07:21,00
740133,24520,24289,33.03,1,1,10.37,108.3,4999,54,-1017,-150,1029,1,43.6620060,-79.3942413,94.50,10.56,1.21,12,1,00:07:21,00
740492,24520,24289,33.07,1,1,10.08,105.3,5007,47,-1167,-156,1179,1,43.6620202,-79.3942858,94.50,13.32,1.21,12,1,00:07:22,00
740787,24520,24289,33.06,1,1,11.36,118.6,5014,55,-967,-114,975,1,43.6620202,-79.3942858,95.80,13.32,1.16,12,1,00:07:22,00
741087,24229,24289,33.11,1,1,11.60,121.1,5021,113,-849,-47,858,1,43.6620202,-79.3942858,95.80,13.32,1.16,12,1,00:07:22,00
741358,23429,24289,33.13,1,1,11.84,123.7,5028,74,-1057,-93,1064,1,43.6620202,-79.3942858,95.80,13.32,1.16,12,1,00:07:22,00
741652,22596,24289,33.16,1,1,12.14,126.8,5035,-25,-1002,122,1009,1,43.6620352,-79.3943187,96.90,9.93,1.15,12,1,00:07:23,00
741945,20881,24289,33.18,1,1,12.64,132.0,5043,46,-1072,-34,1074,1,43.6620352,-79.3943187,96.90,9.93,1.15,12,1,00:07:23,00
742238,21719,24289,33.19,1,1,12.98,135.6,5051,107,-934,-115,947,1,43.6620352,-79.3943187,96.90,9.93,1.15,12,1,00:07:23,00
742548,22221,24289,33.19,1,1,13.25,138.4,5059,31,-976,-50,978,1,43.6620737,-79.3943430,100.10,12.09,0.93,11,1,00:07:24,00
742845,21035,24289,33.22,1,1,13.77,143.8,5068,141,-1075,-258,1114,1,43.6620737,-79.3943430,100.10,12.09,0.93,11,1,00:07:24,00
743143,20409,24289,33.27,1,1,13.73,143.4,5076,157,-932,-203,966,1,43.6620737,-79.3943430,100.10,12.09,0.93,11,1,00:07:24,00
743415,18765,24289,33.31,1,1,14.17,148.0,5085,46,-1007,-80,1011,1,43.6621100,-79.3943668,100.10,12.48,0.93,11,1,00:07:25,00
743713,18770,24289,33.31,1,1,14.29,149.3,5093,106,-927,-84,937,1,43.6621100,-79.3943668,104.00,12.48,0.95,12,1,00:07:25,00
744011,17853,24289,33.30,1,1,14.73,153.8,5103,121,-914,-248,955,1,43.6621100,-79.3943668,104.00,12.48,0.95,12,1,00:07:25,00
744312,18582,24289,33.35,1,1,14.81,154.6,5112,165,-852,-109,875,1,43.6621100,-79.3943668,104.00,12.48,0.95,12,1,00:07:25,00
744612,18944,24289,33.40,1,1,15.12,157.9,5121,-28,-1045,78,1048,1,43.6621425,-79.3943987,104.50,15.09,0.97,12,1,00:07:26,00
744914,18292,24289,33.38,1,1,14.13,147.5,5130,124,-804,-25,814,1,43.6621425,-79.3943987,104.50,15.09,0.97,12,1,00:07:26,00
745278,19354,24289,33.49,1,1,12.57,131.2,5140,22,-1006,-36,1006,1,43.6621425,-79.3943987,104.50,15.09,0.97,12,1,00:07:26,00
745569,14360,24289,33.47,1,1,16.28,170.1,5150,168,-973,-32,988,1,43.6621610,-79.3944377,106.30,11.30,0.84,12,1,00:07:27,00
745867,14194,24289,33.52,1,1,16.51,172.4,5160,162,-962,-250,1007,1,43.6621610,-79.3944377,106.30,11.30,0.84,12,1,00:07:27,00
746164,1213,24289,33.55,1,1,16.57,173.0,5170,177,-769,69,792,1,43.6621610,-79.3944377,106.30,11.30,0.84,12,1,00:07:27,00
746449,-357,24289,33.56,1,1,14.66,153.1,5179,53,-954,-1,956,1,43.6621872,-79.3944663,106.30,12.82,0.84,12,1,00:07:28,00
746751,-351,24289,33.59,1,1,16.01,167.2,5189,180,-966,-146,994,1,43.6621872,-79.3944663,109.40,12.82,0.91,12,1,00:07:28,00
747049,-343,24289,33.61,1,1,15.75,164.5,5199,115,-1027,-102,1038,1,43.6621872,-79.3944663,109.40,12.82,0.91,12,1,00:07:28,00
747344,-324,24289,33.65,1,1,15.54,162.3,5209,138,-1000,-107,1015,1,43.6621872,-79.3944663,109.40,12.82,0.91,12,1,00:07:28,00
747645,-297,24289,33.66,1,1,15.12,157.9,5218,278,-807,-136,865,1,43.6622070,-79.3944968,109.00,13.45,0.91,12,1,00:07:29,00
747945,-305,24289,33.69,1,1,13.16,137.5,5226,107,-1027,-106,1038,1,43.6622070,-79.3944968,109.00,13.45,0.91,12,1,00:07:29,00
748246,-278,24289,33.73,1,1,14.61,152.5,5235,166,-939,-142,964,1,43.6622070,-79.3944968,109.00,13.45,0.91,12,1,00:07:29,00
748548,-276,24289,33.74,1,1,14.41,150.5,5244,135,-1035,-49,1045,1,43.6622292,-79.3945403,109.70,15.91,0.91,12,1,00:07:30,00
748849,-271,24289,33.75,1,1,14.08,147.1,5253,104,-932,-75,941,1,43.6622292,-79.3945403,109.70,15.91,0.91,12,1,00:07:30,00
749154,-244,24289,33.77,1,1,13.90,145.2,5262,104,-965,91,975,1,43.6622292,-79.3945403,109.70,15.91,0.91,12,1,00:07:30,00
749455,-219,24289,33.80,1,1,13.68,142.9,5271,212,-835,-217,889,1,43.6622503,-79.3945830,109.70,13.93,0.91,12,1,00:07:31,00
749757,-214,24289,33.82,1,1,13.30,138.9,5279,182,-973,-152,1002,1,43.6622503,-79.3945830,111.10,13.93,0.91,12,1,00:07:31,00
750126,-220,24289,33.85,1,1,12.14,126.8,5288,174,-1055,-182,1085,1,43.6622503,-79.3945830,111.10,13.93,0.91,12,1,00:07:31,00
750406,-192,24289,33.88,1,1,13.30,138.9,5297,215,-855,-71,884,1,43.6622750,-79.3946253,111.10,13.26,0.91,12,1,00:07:32,00
750706,-202,24289,33.90,1,1,12.84,134.1,5304,159,-1048,-116,1066,1,43.6622750,-79.3946253,112.60,13.26,0.86,12,1,00:07:32,00
751010,-202,24289,33.92,1,1,13.18,137.6,5313,120,-857,-151,878,1,43.6622750,-79.3946253,112.60,13.26,0.86,12,1,00:07:32,00
751308,-179,24289,33.94,1,1,12.90,134.7,5321,118,-1023,-117,1037,1,43.6622750,-79.3946253,112.60,13.26,0.86,12,1,00:07:32,00
751618,-182,24289,33.95,1,1,12.73,132.9,5329,112,-970,4,976,1,43.6622975,-79.3946780,112.40,15.83,0.86,12,1,00:07:33,00
751921,-167,24289,33.99,1,1,12.77,133.3,5337,108,-1094,-58,1100,1,43.6622975,-79.3946780,112.40,15.83,0.86,12,1,00:07:33,00
752225,-163,24289,34.00,1,1,12.81,133.8,5345,103,-1000,-67,1008,1,43.6622975,-79.3946780,112.40,15.83,0.86,12,1,00:07:33,00
752530,-156,24289,34.03,1,1,12.85,134.2,5353,88,-1035,40,1039,1,43.6623180,-79.3947112,111.20,11.65,0.86,12,1,00:07:34,00
752839,-158,24289,34.06,1,1,13.02,136.0,5362,138,-999,-203,1029,1,43.6623180,-79.3947112,111.20,11.65,0.86,12,1,00:07:34,00
753143,-149,24289,34.07,1,1,12.94,135.1,5370,45,-961,64,964,1,43.6623180,-79.3947112,111.20,11.65,0.86,12,1,00:07:34,00
753428,-145,24289,34.10,1,1,12.94,135.1,5378,144,-966,73,979,1,43.6623307,-79.3947527,111.20,13.37,0.86,12,1,00:07:35,00
753738,-167,24289,34.10,1,1,13.03,136.1,5386,141,-939,-38,950,1,43.6623307,-79.3947527,112.00,13.37,0.83,12,1,00:07:35,00
754051,-158,24289,34.16,1,1,13.22,138.0,5395,112,-1032,-74,1041,1,43.6623307,-79.3947527,112.00,13.37,0.83,12,1,00:07:35,00
754346,-137,24289,34.19,1,1,13.03,136.1,5403,69,-1025,73,1030,1,43.6623307,-79.3947527,112.00,13.37,0.83,12,1,00:07:35,00
754658,-147,24289,34.22,1,1,13.07,136.5,5411,156,-848,3,863,1,43.6623390,-79.3947718,112.50,3.24,0.82,12,1,00:07:36,00
755027,-154,24289,34.26,1,1,12.24,127.9,5421,43,-1020,34,1022,1,43.6623390,-79.3947718,112.50,3.24,0.82,12,1,00:07:36,00
755323,-161,24289,34.29,1,1,13.12,137.0,5429,159,-1044,-154,1067,1,43.6623390,-79.3947718,112.50,3.24,0.82,12,1,00:07:36,00
755630,-159,24289,34.31,1,1,13.07,136.5,5437,112,-865,28,872,1,43.6623442,-79.3947962,114.90,7.63,0.84,12,1,00:07:37,00
755944,-152,24289,34.34,1,1,13.26,138.5,5446,136,-1027,80,1039,1,43.6623442,-79.3947962,114.90,7.63,0.84,12,1,00:07:37,00
756254,-141,24289,34.38,1,1,13.16,137.5,5454,165,-1099,36,1112,1,43.6623442,-79.3947962,114.90,7.63,0.84,12,1,00:07:37,00
756563,-137,24289,34.41,1,1,13.38,139.8,5463,137,-989,-95,1003,1,43.6623465,-79.3948243,115.90,7.39,0.84,12,1,00:07:38,00
756872,-136,24289,34.43,1,1,13.34,139.3,5472,87,-919,-122,931,1,43.6623465,-79.3948243,115.90,7.39,0.84,12,1,00:07:38,00
757183,-135,24289,34.44,1,1,11.52,120.3,5479,73,-924,132,936,1,43.6623465,-79.3948243,115.90,7.39,0.84,12,1,00:07:38,00
757528,-132,24289,34.47,1,1,12.10,126.4,5488,158,-821,120,845,1,43.6623368,-79.3948407,116.60,5.30,0.80,12,1,00:07:39,00
757825,-133,24289,34.49,1,1,13.12,137.0,5496,160,-959,-165,987,1,43.6623368,-79.3948407,116.60,5.30,0.80,12,1,00:07:39,00
758121,-136,24289,34.51,1,1,13.21,137.9,5504,266,-697,-56,748,1,43.6623368,-79.3948407,116.60,5.30,0.80,12,1,00:07:39,00
758379,-131,24289,34.54,1,1,13.16,137.5,5512,124,-1006,-46,1015,1,43.6623368,-79.3948407,116.60,5.30,0.80,12,1,00:07:39,00
758673,-128,24289,34.55,1,1,12.94,135.1,5519,195,-896,13,917,1,43.6623408,-79.3948827,114.50,9.39,0.73,12,1,00:07:40,00
758964,-133,24289,34.55,1,1,13.30,138.9,5527,108,-977,-45,984,1,43.6623408,-79.3948827,114.50,9.39,0.73,12,1,00:07:40,00
759254,-128,24289,34.60,1,1,13.21,137.9,5535,134,-975,-126,992,1,43.6623408,-79.3948827,114.50,9.39,0.73,12,1,00:07:40,00
759545,-127,24289,34.61,1,1,13.03,136.1,5543,114,-1115,-126,1128,1,43.6623383,-79.3949245,113.60,10.69,0.84,12,1,00:07:41,00
759901,-127,24289,34.63,1,1,11.90,124.3,5552,118,-886,7,893,1,43.6623383,-79.3949245,113.60,10.69,0.84,12,1,00:07:41,00
760202,-132,24289,34.66,1,1,12.77,133.3,5560,129,-1096,-145,1113,1,43.6623383,-79.3949245,113.60,10.69,0.84,12,1,00:07:41,00
760491,-123,24289,34.71,1,1,12.56,131.1,5568,140,-973,84,987,1,43.6623407,-79.3949735,113.60,13.04,0.84,12,1,00:07:42,00
760779,-113,24289,34.73,1,1,12.23,127.7,5575,74,-942,32,946,1,43.6623407,-79.3949735,113.40,13.04,0.89,12,1,00:07:42,00
761073,-111,24289,34.75,1,1,12.06,125.9,5582,124,-1033,10,1041,1,43.6623407,-79.3949735,113.40,13.04,0.89,12,1,00:07:42,00
761345,-122,24289,34.80,1,1,12.01,125.4,5590,127,-934,-31,943,1,43.6623407,-79.3949735,113.40,13.04,0.89,12,1,00:07:42,00
761635,-122,24289,34.79,1,1,11.35,118.6,5596,43,-1031,-49,1033,1,43.6623505,-79.3950273,113.40,15.19,1.35,12,1,00:07:43,00
761926,-11,24289,34.85,1,1,11.28,117.8,5603,95,-1029,-62,1036,1,43.6623505,-79.3950273,113.40,15.19,1.35,12,1,00:07:43,00
762233,143,24289,34.83,1,1,11.09,115.8,5610,151,-1080,-133,1099,1,43.6623505,-79.3950273,113.40,15.19,1.35,12,1,00:07:43,00
762526,304,24289,34.87,1,1,10.92,114.1,5617,157,-1023,-163,1048,1,43.6623443,-79.3950773,110.90,14.24,0.84,12,1,00:07:44,00
762820,1880,24289,34.90,1,1,10.45,109.1,5623,55,-991,59,994,1,43.6623443,-79.3950773,110.90,14.24,0.84,12,1,00:07:44,00
763114,5787,24289,34.92,1,1,10.51,109.7,5630,77,-860,-90,868,1,43.6623443,-79.3950773,110.90,14.24,0.84,12,1,00:07:44,00
763392,12976,24289,34.91,1,1,10.19,106.4,5636,59,-907,-78,912,1,43.6623782,-79.3951302,110.90,16.00,0.84,12,1,00:07:45,00
763686,18696,24289,34.96,1,1,10.37,108.3,5642,6,-1085,-45,1086,1,43.6623782,-79.3951302,109.70,16.00,0.89,12,1,00:07:45,00
763982,22515,24289,34.95,1,1,10.41,108.7,5648,96,-931,-110,943,1,43.6623782,-79.3951302,109.70,16.00,0.89,12,1,00:07:45,00
764283,20432,24289,35.00,1,1,10.85,113.3,5655,127,-1104,-115,1118,1,43.6623782,-79.3951302,109.70,16.00,0.89,12,1,00:07:45,00
764638,20168,24289,35.00,1,1,10.24,107.0,5663,143,-901,-63,914,1,43.6624007,-79.3951540,109.60,12.00,1.01,12,1,00:07:46,00
764934,18582,24289,34.98,1,1,11.48,119.9,5670,27,-1005,22,1005,1,43.6624007,-79.3951540,109.60,12.00,1.01,12,1,00:07:46,00
765230,17589,24289,35.02,1,1,11.68,122.0,5677,129,-1019,-116,1033,1,43.6624007,-79.3951540,109.60,12.00,1.01,12,1,00:07:46,00
765524,16265,24289,35.03,1,1,12.16,127.0,5685,76,-1140,-90,1146,1,43.6624137,-79.3952022,111.80,17.67,0.81,12,1,00:07:47,00
765818,16697,24289,35.07,1,1,12.06,125.9,5692,90,-925,-46,931,1,43.6624137,-79.3952022,111.80,17.67,0.81,12,1,00:07:47,00
766119,14633,24289,35.07,1,1,12.52,130.7,5700,76,-1190,-109,1198,1,43.6624137,-79.3952022,111.80,17.67,0.81,12,1,00:07:47,00
766404,15568,24289,35.06,1,1,11.10,115.9,5707,148,-932,-7,944,1,43.6624245,-79.3952720,111.80,18.13,0.81,12,1,00:07:48,00
766696,16846,24289,35.09,1,1,12.65,132.1,5714,12,-1030,-33,1031,1,43.6624245,-79.3952720,109.00,18.13,0.99,12,1,00:07:48,00
766993,16368,24289,35.10,1,1,13.03,136.1,5722,96,-988,-43,993,1,43.6624245,-79.3952720,109.00,18.13,0.99,12,1,00:07:48,00
767293,-256,24289,35.15,1,1,13.03,136.1,5730,124,-1040,-118,1054,1,43.6624245,-79.3952720,109.00,18.13,0.99,12,1,00:07:48,00
767589,-246,24289,35.18,1,1,12.90,134.7,5738,94,-1057,-54,1063,1,43.6624065,-79.3953088,109.30,10.70,1.01,12,1,00:07:49,00
767886,-226,24289,35.19,1,1,12.68,132.4,5746,140,-1111,-63,1121,1,43.6624065,-79.3953088,109.30,10.70,1.01,12,1,00:07:49,00
768183,-239,24289,35.21,1,1,12.40,129.5,5754,194,-924,-58,946,1,43.6624065,-79.3953088,109.30,10.70,1.01,12,1,00:07:49,00
768486,-225,24289,35.23,1,1,12.20,127.4,5762,135,-857,-13,868,1,43.6623655,-79.3953193,109.30,10.91,1.01,12,1,00:07:50,00
768789,-223,24289,35.24,1,1,11.76,122.8,5769,98,-917,80,925,1,43.6623655,-79.3953193,115.10,10.91,0.91,12,1,00:07:50,00
769095,-216,24289,35.24,1,1,11.56,120.7,5776,155,-989,-246,1031,1,43.6623655,-79.3953193,115.10,10.91,0.91,12,1,00:07:50,00
769444,-182,24289,35.25,1,1,10.32,107.8,5784,100,-1013,13,1018,1,43.6623722,-79.3953745,115.10,12.43,0.91,12,1,00:07:51,00
769742,-175,24289,35.28,1,1,11.02,115.1,5791,134,-975,-65,987,1,43.6623722,-79.3953745,116.70,12.43,0.89,12,1,00:07:51,00
770045,-175,24289,35.31,1,1,10.52,109.9,5797,84,-930,-7,934,1,43.6623722,-79.3953745,116.70,12.43,0.89,12,1,00:07:51,00
770341,-177,24289,35.35,1,1,10.47,109.4,5804,132,-927,-88,941,1,43.6623722,-79.3953745,116.70,12.43,0.89,12,1,00:07:51,00
770643,-178,24289,35.33,1,1,10.15,106.0,5810,94,-1002,22,1007,1,43.6623582,-79.3954150,115.70,10.96,0.89,12,1,00:07:52,00
770944,-151,24289,35.37,1,1,10.09,105.4,5817,123,-993,-64,1003,1,43.6623582,-79.3954150,115.70,10.96,0.89,12,1,00:07:52,00
771248,-153,24289,35.39,1,1,9.70,101.4,5823,145,-932,-40,944,1,43.6623582,-79.3954150,115.70,10.96,0.89,12,1,00:07:52,00
771551,-152,24289,35.42,1,1,9.54,99.7,5829,84,-1033,63,1038,1,43.6623520,-79.3954580,116.30,10.69,0.89,12,1,00:07:53,00
771859,-155,24289,35.42,1,1,9.33,97.4,5835,104,-998,-30,1004,1,43.6623520,-79.3954580,116.30,10.69,0.89,12,1,00:07:53,00
772161,-148,24289,35.44,1,1,8.83,92.3,5840,85,-1123,58,1128,1,43.6623520,-79.3954580,116.30,10.69,0.89,12,1,00:07:53,00
772463,-136,24289,35.47,1,1,8.89,92.9,5846,121,-980,-99,992,1,43.6623438,-79.3954910,116.30,7.96,0.89,12,1,00:07:54,00
772769,-135,24289,35.48,1,1,8.40,87.7,5851,133,-1089,-106,1103,1,43.6623438,-79.3954910,119.10,7.96,0.89,12,1,00:07:54,00
773079,-137,24289,35.50,1,1,8.47,88.5,5857,113,-911,-56,920,1,43.6623438,-79.3954910,119.10,7.96,0.89,12,1,00:07:54,00
773359,-126,24289,35.53,1,1,7.95,83.1,5862,119,-865,4,873,1,43.6623438,-79.3954910,119.10,7.96,0.89,12,1,00:07:54,00
773674,-133,24289,35.55,1,1,7.85,82.0,5867,135,-959,-46,970,1,43.6623225,-79.3955155,122.20,10.72,0.89,12,1,00:07:55,00
773983,-137,24289,35.55,1,1,7.31,76.3,5871,145,-1043,-133,1061,1,43.6623225,-79.3955155,122.20,10.72,0.89,12,1,00:07:55,00
774335,-129,24289,35.61,1,1,6.38,66.7,5876,148,-980,-67,994,1,43.6623225,-79.3955155,122.20,10.72,0.89,12,1,00:07:55,00
774639,-31,24289,35.59,1,1,7.25,75.8,5881,198,-896,-162,931,1,43.6623342,-79.3955645,121.50,6.89,0.80,12,1,00:07:56,00
774952,123,24289,35.60,1,1,8.52,89.0,5886,163,-952,-144,977,1,43.6623342,-79.3955645,121.50,6.89,0.80,12,1,00:07:56,00
775252,1292,24289,35.64,1,1,6.67,69.7,5890,159,-868,3,883,1,43.6623342,-79.3955645,121.50,6.89,0.80,12,1,00:07:56,00
775557,5143,24289,35.64,1,1,8.18,85.5,5896,94,-1000,-65,1006,1,43.6623303,-79.3955912,121.40,5.83,0.85,12,1,00:07:57,00
775864,11288,24289,35.66,1,1,8.23,85.9,5901,65,-1089,-78,1094,1,43.6623303,-79.3955912,121.40,5.83,0.85,12,1,00:07:57,00
776170,17541,24289,35.69,1,1,6.72,70.2,5905,98,-960,-48,966,1,43.6623303,-79.3955912,121.40,5.83,0.85,12,1,00:07:57,00
776468,21714,24289,35.74,1,1,8.73,91.2,5911,129,-844,-32,855,1,43.6623180,-79.3956095,121.40,5.76,0.85,12,1,00:07:58,00
776777,24520,24289,35.73,1,1,7.23,75.5,5915,46,-1016,-23,1017,1,43.6623180,-79.3956095,121.40,5.76,0.79,12,1,00:07:58,00
777090,24520,24289,35.74,1,1,8.18,85.5,5921,64,-970,-59,974,1,43.6623180,-79.3956095,121.40,5.76,0.79,12,1,00:07:58,00
777378,24520,24289,35.77,1,1,8.76,91.5,5927,76,-1015,-63,1019,1,43.6623180,-79.3956095,121.40,5.76,0.79,12,1,00:07:58,00
777690,24520,24289,35.80,1,1,9.10,95.1,5932,77,-1012,-109,1021,1,43.6623083,-79.3956272,125.00,5.33,0.79,12,1,00:07:59,00
778002,24520,24289,35.82,1,1,10.19,106.4,5939,38,-1031,-102,1037,1,43.6623083,-79.3956272,125.00,5.33,0.79,12,1,00:07:59,00
778312,24520,24289,35.86,1,1,10.88,113.6,5946,112,-947,-191,972,1,43.6623083,-79.3956272,125.00,5.33,0.79,12,1,00:07:59,00
778631,24520,24289,35.85,1,1,11.52,120.3,5953,117,-884,-77,895,1,43.6623040,-79.3956732,125.60,12.35,0.85,12,1,00:08:00,00
778978,24520,24289,35.88,1,1,11.37,118.7,5962,111,-918,-142,935,1,43.6623040,-79.3956732,125.60,12.35,0.85,12,1,00:08:00,00
779329,24520,24289,35.87,1,1,11.68,122.0,5970,32,-1026,-52,1027,1,43.6623040,-79.3956732,125.60,12.35,0.85,12,1,00:08:00,00
779617,24520,24289,35.88,1,1,13.53,141.3,5978,116,-1086,-133,1100,1,43.6622737,-79.3957090,126.40,14.70,0.85,12,1,00:08:01,00
779906,24520,24289,35.91,1,1,14.17,148.0,5987,44,-949,-56,952,1,43.6622737,-79.3957090,126.40,14.70,0.85,12,1,00:08:01,00
780194,24520,24289,35.96,1,1,13.12,137.0,5995,141,-1239,-319,1287,1,43.6622737,-79.3957090,126.40,14.70,0.85,12,1,00:08:01,00
780473,24520,24289,35.96,1,1,15.12,157.9,6004,108,-989,-193,1014,1,43.6622767,-79.3957742,126.40,12.30,0.85,12,1,00:08:02,00
780762,24520,24289,35.97,1,1,15.61,163.0,6013,86,-926,-90,934,1,43.6622767,-79.3957742,124.40,12.30,0.81,12,1,00:08:02,00
781054,24520,24289,36.02,1,1,14.66,153.1,6022,38,-961,35,963,1,43.6622767,-79.3957742,124.40,12.30,0.81,12,1,00:08:02,00
781353,24434,24289,35.96,1,1,15.39,160.8,6032,142,-940,-112,957,1,43.6622767,-79.3957742,124.40,12.30,0.81,12,1,00:08:02,00
781645,24520,24289,35.99,1,1,15.56,162.5,6041,82,-924,-99,933,1,43.6622705,-79.3958297,124.10,15.59,0.91,12,1,00:08:03,00
781934,8897,24289,36.01,1,1,16.34,170.6,6051,43,-1079,-160,1092,1,43.6622705,-79.3958297,124.10,15.59,0.91,12,1,00:08:03,00
782232,-812,24289,36.01,1,1,16.83,175.7,6062,41,-1171,-39,1173,1,43.6622705,-79.3958297,124.10,15.59,0.91,12,1,00:08:03,00
782522,-782,24289,36.00,1,1,16.51,172.4,6072,92,-1149,-37,1153,1,43.6622568,-79.3958987,122.60,20.48,0.92,12,1,00:08:04,00
782813,-733,24289,35.99,1,1,16.51,172.4,6082,247,-991,-254,1052,1,43.6622568,-79.3958987,122.60,20.48,0.92,12,1,00:08:04,00
783105,-703,24289,36.02,1,1,16.45,171.8,6092,-131,-933,36,943,1,43.6622568,-79.3958987,122.60,20.48,0.92,12,1,00:08:04,00
783377,-656,24289,36.03,1,1,18.16,189.7,6103,231,-880,-104,916,1,43.6622568,-79.3958987,122.60,20.48,0.92,12,1,00:08:04,00
783675,-627,24289,36.03,1,1,16.02,167.3,6112,191,-954,-157,985,1,43.6622090,-79.3959470,126.60,22.82,0.92,12,1,00:08:05,00
784030,-564,24289,36.06,1,1,15.31,159.9,6123,238,-677,-175,739,1,43.6622090,-79.3959470,126.60,22.82,0.92,12,1,00:08:05,00
784314,-523,24289,36.05,1,1,17.73,185.2,6134,25,-1049,25,1049,1,43.6622090,-79.3959470,126.60,22.82,0.92,12,1,00:08:05,00
784603,-485,24289,36.06,1,1,17.61,183.9,6145,196,-1004,-120,1030,1,43.6621657,-79.3959878,126.40,20.02,0.96,12,1,00:08:06,00
784893,-455,24289,36.08,1,1,17.35,181.2,6155,108,-1103,-77,1111,1,43.6621657,-79.3959878,126.40,20.02,0.96,12,1,00:08:06,00
785189,-423,24289,36.09,1,1,17.38,181.5,6166,131,-1038,-144,1056,1,43.6621657,-79.3959878,126.40,20.02,0.96,12,1,00:08:06,00
785494,-394,24289,36.12,1,1,15.85,165.6,6176,123,-1094,-97,1105,1,43.6621673,-79.3960833,126.40,22.08,0.96,12,1,00:08:07,00
785787,-371,24289,36.12,1,1,15.75,164.5,6186,199,-992,-227,1037,1,43.6621673,-79.3960833,125.70,22.08,0.96,11,1,00:08:07,00
786082,-366,24289,36.14,1,1,17.16,179.2,6196,181,-1065,-187,1097,1,43.6621673,-79.3960833,125.70,22.08,0.96,11,1,00:08:07,00
786361,-346,24289,36.14,1,1,17.32,180.9,6207,150,-706,-126,732,1,43.6621673,-79.3960833,125.70,22.08,0.96,11,1,00:08:07,00
786658,-319,24289,36.18,1,1,17.10,178.6,6217,64,-789,36,792,1,43.6621333,-79.3961248,126.00,17.72,0.96,11,1,00:08:08,00
786952,-313,24289,36.18,1,1,15.33,160.1,6226,-128,-1168,-242,1199,1,43.6621333,-79.3961248,126.00,17.72,0.96,11,1,00:08:08,00
787252,-300,24289,36.24,1,1,17.32,180.9,6237,56,-1031,-105,1037,1,43.6621333,-79.3961248,126.00,17.72,0.96,11,1,00:08:08,00
787560,-291,24289,36.27,1,1,15.70,163.9,6247,222,-994,-128,1026,1,43.6620700,-79.3961233,127.30,18.17,1.00,10,1,00:08:09,00
787856,-266,24289,36.26,1,1,17.21,179.7,6258,209,-916,-158,953,1,43.6620700,-79.3961233,127.30,18.17,1.00,10,1,00:08:09,00
788161,-262,24289,36.29,1,1,15.54,162.3,6268,89,-1045,29,1049,1,43.6620700,-79.3961233,127.30,18.17,1.00,10,1,00:08:09,00
788442,-240,24289,36.31,1,1,15.28,159.6,6277,93,-896,34,902,1,43.6620413,-79.3961263,127.30,9.78,1.00,10,1,00:08:10,00
788809,-238,24289,36.32,1,1,13.52,141.2,6287,180,-849,-23,868,1,43.6620413,-79.3961263,122.30,9.78,1.15,11,1,00:08:10,00
789101,-249,24289,36.35,1,1,17.38,181.5,6298,130,-881,-102,896,1,43.6620413,-79.3961263,122.30,9.78,1.15,11,1,00:08:10,00
789373,-247,24289,36.38,1,1,15.96,166.7,6308,180,-981,-125,1005,1,43.6620413,-79.3961263,122.30,9.78,1.15,11,1,00:08:10,00
789679,-231,24289,36.40,1,1,15.67,163.6,6317,166,-1008,-287,1061,1,43.6619810,-79.3961328,121.70,20.80,1.15,11,1,00:08:11,00
789978,-234,24289,36.41,1,1,17.61,183.9,6328,193,-1027,-168,1059,1,43.6619810,-79.3961328,121.70,20.80,1.15,11,1,00:08:11,00
790274,-214,24289,36.44,1,1,17.67,184.6,6339,66,-1024,-23,1026,1,43.6619810,-79.3961328,121.70,20.80,1.15,11,1,00:08:11,00
790573,-228,24289,36.45,1,1,17.79,185.8,6350,108,-925,0,931,1,43.6619208,-79.3961355,126.00,21.61,1.15,11,1,00:08:12,00
790871,-211,24289,36.49,1,1,17.67,184.6,6361,182,-923,-177,957,1,43.6619208,-79.3961355,126.00,21.61,1.15,11,1,00:08:12,00
791175,-205,24289,36.50,1,1,17.73,185.2,6372,132,-926,-111,942,1,43.6619208,-79.3961355,126.00,21.61,1.15,11,1,00:08:12,00
791472,-200,24289,36.50,1,1,16.51,172.4,6383,130,-1049,-24,1057,1,43.6618658,-79.3961312,126.00,19.82,1.15,11,1,00:08:13,00
791786,-217,24289,36.52,1,1,16.28,170.1,6393,131,-1135,-182,1156,1,43.6618658,-79.3961312,127.40,19.82,1.18,10,1,00:08:13,00
792087,-202,24289,36.53,1,1,17.97,187.7,6404,196,-967,-207,1008,1,43.6618658,-79.3961312,127.40,19.82,1.18,10,1,00:08:13,00
792370,-189,24289,36.54,1,1,16.67,174.1,6415,102,-980,-18,986,1,43.6618658,-79.3961312,127.40,19.82,1.18,10,1,00:08:13,00
792674,-192,24289,36.55,1,1,16.40,171.2,6425,99,-993,-91,1002,1,43.6618097,-79.3961310,126.20,18.30,0.92,12,1,00:08:14,00
792976,-196,24289,36.57,1,1,18.10,189.0,6436,144,-1046,-191,1073,1,43.6618097,-79.3961310,126.20,18.30,0.92,12,1,00:08:14,00
793277,-193,24289,36.58,1,1,16.88,176.3,6447,114,-958,-81,968,1,43.6618097,-79.3961310,126.20,18.30,0.92,12,1,00:08:14,00
793642,-198,24289,36.60,1,1,14.55,151.9,6458,69,-947,-63,951,1,43.6617570,-79.3961197,125.70,17.08,0.87,12,1,00:08:15,00
793951,-201,24289,36.61,1,1,16.93,176.8,6469,231,-991,-75,1020,1,43.6617570,-79.3961197,125.70,17.08,0.87,12,1,00:08:15,00
794251,-199,24289,36.62,1,1,18.35,191.6,6480,150,-1059,-340,1122,1,43.6617570,-79.3961197,125.70,17.08,0.87,12,1,00:08:15,00
794551,-202,24289,36.65,1,1,16.93,176.8,6491,100,-904,92,914,1,43.6617142,-79.3960947,126.40,17.69,1.10,12,1,00:08:16,00
794855,-197,24289,36.65,1,1,16.93,176.8,6502,207,-636,-96,676,1,43.6617142,-79.3960947,126.40,17.69,1.10,12,1,00:08:16,00
795162,-186,24289,36.66,1,1,16.80,175.4,6512,167,-795,-88,817,1,43.6617142,-79.3960947,126.40,17.69,1.10,12,1,00:08:16,00
795444,-155,24289,36.68,1,1,16.99,177.4,6523,127,-737,-25,748,1,43.6616632,-79.3960630,126.40,20.41,1.10,12,1,00:08:17,00
795751,-180,24289,36.70,1,1,16.80,175.4,6533,112,-953,110,966,1,43.6616632,-79.3960630,126.40,20.41,0.89,12,1,00:08:17,00
796064,-174,24289,36.71,1,1,17.10,178.6,6544,306,-988,-277,1071,1,43.6616632,-79.3960630,126.40,20.41,0.89,12,1,00:08:17,00
796364,-150,24289,36.71,1,1,17.10,178.6,6555,35,-1048,113,1055,1,43.6616632,-79.3960630,126.40,20.41,0.89,12,1,00:08:17,00
796672,-177,24289,36.72,1,1,17.16,179.2,6566,125,-1034,-154,1053,1,43.6616122,-79.3960328,126.20,19.67,0.89,12,1,00:08:18,00
796975,-179,24289,36.73,1,1,17.10,178.6,6577,120,-1152,-93,1162,1,43.6616122,-79.3960328,126.20,19.67,0.89,12,1,00:08:18,00
797281,-171,24289,36.73,1,1,18.53,193.5,6589,203,-850,-233,904,1,43.6616122,-79.3960328,126.20,19.67,0.89,12,1,00:08:18,00
797588,-176,24289,36.72,1,1,18.53,193.5,6601,132,-894,-86,907,1,43.6615500,-79.3960020,123.30,21.72,0.89,12,1,00:08:19,00
797893,-176,24289,36.74,1,1,18.35,191.6,6612,147,-999,-242,1038,1,43.6615500,-79.3960020,123.30,21.72,0.89,12,1,00:08:19,00
798210,-175,24289,36.76,1,1,17.10,178.6,6624,-17,-1140,48,1141,1,43.6615500,-79.3960020,123.30,21.72,0.89,12,1,00:08:19,00
798578,-181,24289,36.76,1,1,16.00,167.1,6636,90,-901,49,907,1,43.6615083,-79.3959722,121.80,17.37,0.86,12,1,00:08:20,00
798888,-172,24289,36.78,1,1,18.41,192.3,6648,145,-1028,-87,1042,1,43.6615083,-79.3959722,121.80,17.37,0.86,12,1,00:08:20,00
799195,-177,24289,36.78,1,1,18.24,190.5,6660,144,-1005,-283,1054,1,43.6615083,-79.3959722,121.80,17.37,0.86,12,1,00:08:20,00
799496,-170,24289,36.83,1,1,16.45,171.8,6670,95,-996,23,1001,1,43.6614740,-79.3959420,121.80,15.17,0.86,12,1,00:08:21,00
799802,-162,24289,36.81,1,1,17.91,187.1,6681,178,-848,-108,873,1,43.6614740,-79.3959420,120.40,15.17,0.86,12,1,00:08:21,00
800115,-167,24289,36.84,1,1,16.36,170.8,6692,229,-948,-160,988,1,43.6614740,-79.3959420,120.40,15.17,0.86,12,1,00:08:21,00
800412,-153,24289,36.83,1,1,17.38,181.5,6703,185,-692,79,720,1,43.6614325,-79.3959070,120.40,18.80,0.86,12,1,00:08:22,00
800755,-151,24289,36.89,1,1,14.42,150.6,6713,-6,-952,88,956,1,43.6614325,-79.3959070,121.50,18.80,0.86,12,1,00:08:22,00
801043,-164,24289,36.88,1,1,16.80,175.4,6723,415,-775,-338,942,1,43.6614325,-79.3959070,121.50,18.80,0.86,12,1,00:08:22,00
801331,-159,24289,36.88,1,1,16.62,173.6,6733,-17,-1004,135,1013,1,43.6614325,-79.3959070,121.50,18.80,0.86,12,1,00:08:22,00
801622,-163,24289,36.89,1,1,14.76,154.1,6742,213,-801,-215,856,1,43.6613968,-79.3958687,119.40,18.95,0.86,12,1,00:08:23,00
801910,-158,24289,36.89,1,1,14.51,151.5,6751,117,-732,178,762,1,43.6613968,-79.3958687,119.40,18.95,0.86,12,1,00:08:23,00
802202,-168,24289,36.91,1,1,15.96,166.7,6761,250,-998,-256,1061,1,43.6613968,-79.3958687,119.40,18.95,0.86,12,1,00:08:23,00
802490,-156,24289,36.91,1,1,15.50,161.9,6770,133,-804,-16,815,1,43.6613755,-79.3958355,119.40,13.24,0.86,12,1,00:08:24,00
802785,-149,24289,36.93,1,1,15.54,162.3,6780,71,-1063,-91,1069,1,43.6613755,-79.3958355,121.10,13.24,0.86,12,1,00:08:24,00
803080,-155,24289,36.95,1,1,13.63,142.3,6788,119,-864,6,873,1,43.6613755,-79.3958355,121.10,13.24,0.86,12,1,00:08:24,00
803409,-137,24289,36.97,1,1,14.43,150.7,6799,138,-1033,-130,1050,1,43.6613317,-79.3958163,121.10,15.39,0.86,12,1,00:08:25,00
803694,-146,24289,36.99,1,1,13.30,138.9,6806,111,-992,-191,1017,1,43.6613317,-79.3958163,121.30,15.39,0.86,12,1,00:08:25,00
803983,-146,24289,37.01,1,1,15.44,161.3,6815,205,-944,-185,984,1,43.6613317,-79.3958163,121.30,15.39,0.86,12,1,00:08:25,00
804279,-141,24289,37.02,1,1,14.04,146.6,6824,127,-888,-253,932,1,43.6613317,-79.3958163,121.30,15.39,0.86,12,1,00:08:25,00
804575,-144,24289,37.03,1,1,15.70,163.9,6834,88,-987,-20,991,1,43.6613000,-79.3957770,121.50,17.02,0.86,12,1,00:08:26,00
804868,-144,24289,37.05,1,1,14.02,146.4,6842,89,-1056,-97,1064,1,43.6613000,-79.3957770,121.50,17.02,0.86,12,1,00:08:26,00
805164,-144,24289,37.04,1,1,14.47,151.1,6851,150,-978,-40,991,1,43.6613000,-79.3957770,121.50,17.02,0.86,12,1,00:08:26,00
805424,-131,24289,37.01,1,1,16.01,167.2,6861,216,-900,-265,963,1,43.6612710,-79.3957410,121.50,14.17,0.86,12,1,00:08:27,00
805714,-167,24289,37.03,1,1,15.96,166.7,6870,-82,-972,-52,977,1,43.6612710,-79.3957410,121.60,14.17,0.89,12,1,00:08:27,00
806011,-155,24289,37.05,1,1,16.23,169.5,6880,75,-891,32,894,1,43.6612710,-79.3957410,121.60,14.17,0.89,12,1,00:08:27,00
806310,-156,24289,37.05,1,1,16.23,169.5,6890,152,-954,-16,966,1,43.6612710,-79.3957410,121.60,14.17,0.89,12,1,00:08:27,00
806612,-140,24289,37.06,1,1,16.28,170.1,6900,149,-1079,-110,1095,1,43.6612423,-79.3957088,119.60,15.26,0.88,12,1,00:08:28,00
806908,-135,24289,37.09,1,1,14.71,153.6,6909,166,-987,-108,1007,1,43.6612423,-79.3957088,119.60,15.26,0.88,12,1,00:08:28,00
807202,-148,24289,37.10,1,1,14.71,153.6,6918,73,-891,-82,898,1,43.6612423,-79.3957088,119.60,15.26,0.88,12,1,00:08:28,00
807499,-137,24289,37.09,1,1,14.76,154.1,6927,253,-860,-244,929,1,43.6612060,-79.3956823,119.60,14.17,0.88,12,1,00:08:29,00
807801,-135,24289,37.10,1,1,16.61,173.5,6938,221,-933,-161,972,1,43.6612060,-79.3956823,119.70,14.17,0.86,12,1,00:08:29,00
808164,-139,24289,37.11,1,1,14.35,149.9,6949,112,-1040,-223,1069,1,43.6612060,-79.3956823,119.70,14.17,0.86,12,1,00:08:29,00
808445,-124,24289,37.08,1,1,16.68,174.2,6959,225,-881,-245,942,1,43.6611688,-79.3956412,119.70,18.93,0.86,12,1,00:08:30,00
808746,-140,24289,37.09,1,1,16.68,174.2,6969,102,-1032,-67,1039,1,43.6611688,-79.3956412,117.00,18.93,0.99,12,1,00:08:30,00
809041,-145,24289,37.09,1,1,15.01,156.8,6978,101,-991,-67,999,1,43.6611688,-79.3956412,117.00,18.93,0.99,12,1,00:08:30,00
809335,-136,24289,37.10,1,1,16.93,176.8,6989,188,-848,-190,889,1,43.6611688,-79.3956412,117.00,18.93,0.99,12,1,00:08:30,00
809633,-139,24289,37.06,1,1,16.80,175.4,6999,29,-936,186,954,1,43.6611378,-79.3956028,114.10,16.39,0.97,12,1,00:08:31,00
809928,-144,24289,37.08,1,1,15.39,160.8,7009,177,-954,-36,971,1,43.6611378,-79.3956028,114.10,16.39,0.97,12,1,00:08:31,00
810229,-137,24289,37.10,1,1,16.92,176.7,7019,50,-1058,-26,1060,1,43.6611378,-79.3956028,114.10,16.39,0.97,12,1,00:08:31,00
810526,-137,24289,37.09,1,1,16.99,177.4,7030,122,-995,48,1003,1,43.6611207,-79.3955630,113.70,16.20,0.96,12,1,00:08:32,00
810830,-147,24289,37.09,1,1,16.86,176.1,7040,93,-988,71,995,1,43.6611207,-79.3955630,113.70,16.20,0.96,12,1,00:08:32,00
811129,-128,24289,37.09,1,1,16.93,176.8,7051,123,-982,-221,1014,1,43.6611207,-79.3955630,113.70,16.20,0.96,12,1,00:08:32,00
811415,-121,24289,37.09,1,1,15.39,160.8,7061,227,-762,-77,798,1,43.6611078,-79.3955158,113.70,17.17,0.96,12,1,00:08:33,00
811713,-136,24289,37.12,1,1,15.07,157.3,7070,2,-1253,60,1254,1,43.6611078,-79.3955158,113.10,17.17,0.98,12,1,00:08:33,00
812018,-133,24289,37.11,1,1,15.12,157.9,7079,202,-882,-108,911,1,43.6611078,-79.3955158,113.10,17.17,0.98,12,1,00:08:33,00
812322,-132,24289,37.12,1,1,16.93,176.8,7090,65,-1066,-261,1099,1,43.6611078,-79.3955158,113.10,17.17,0.98,12,1,00:08:33,00
812628,-120,24289,37.12,1,1,15.25,159.2,7100,165,-979,-126,1000,1,43.6610910,-79.3954667,110.90,18.26,1.01,12,1,00:08:34,00
813000,-124,24289,37.12,1,1,13.08,136.6,7110,155,-916,-106,935,1,43.6610910,-79.3954667,110.90,18.26,1.01,12,1,00:08:34,00
813299,-121,24289,37.10,1,1,16.51,172.4,7120,43,-972,-108,979,1,43.6610910,-79.3954667,110.90,18.26,1.01,12,1,00:08:34,00
813598,-131,24289,37.10,1,1,15.06,157.2,7130,419,-708,-350,893,1,43.6610792,-79.3954207,111.20,16.50,0.99,12,1,00:08:35,00
813896,-129,24289,37.12,1,1,16.34,170.6,7140,204,-953,-155,987,1,43.6610792,-79.3954207,111.20,16.50,0.99,12,1,00:08:35,00
814201,-124,24289,37.15,1,1,16.28,170.1,7150,197,-1058,-174,1090,1,43.6610792,-79.3954207,111.20,16.50,0.99,12,1,00:08:35,00
814502,-114,24289,37.16,1,1,14.61,152.5,7159,128,-848,-21,858,1,43.6610717,-79.3953677,111.20,17.33,0.99,12,1,00:08:36,00
814805,-118,24289,37.15,1,1,14.87,155.3,7169,207,-954,-148,988,1,43.6610717,-79.3953677,111.20,17.33,0.99,12,1,00:08:36,00
815111,-118,24289,37.16,1,1,16.28,170.1,7179,272,-748,-108,803,1,43.6610717,-79.3953677,111.20,17.33,0.99,12,1,00:08:36,00
815402,-114,24289,37.19,1,1,14.96,156.3,7189,180,-975,-291,1033,1,43.6610582,-79.3953202,111.20,14.37,0.99,12,1,00:08:37,00
815705,-119,24289,37.21,1,1,16.14,168.5,7198,16,-1121,92,1125,1,43.6610582,-79.3953202,110.50,14.37,0.99,12,1,00:08:37,00
816011,-120,24289,37.22,1,1,16.51,172.4,7209,69,-940,59,944,1,43.6610582,-79.3953202,110.50,14.37,0.99,12,1,00:08:37,00
816322,-128,24289,37.24,1,1,15.01,156.7,7219,290,-930,57,976,1,43.6610582,-79.3953202,110.50,14.37,0.99,12,1,00:08:37,00
816638,-119,24289,37.25,1,1,14.32,149.5,7228,528,-615,-205,836,1,43.6610222,-79.3952622,106.30,21.19,0.89,12,1,00:08:38,00
816945,-119,24289,37.25,1,1,14.96,156.3,7238,205,-1007,-2,1027,1,43.6610222,-79.3952622,106.30,21.19,0.89,12,1,00:08:38,00
817256,-124,24289,37.26,1,1,12.98,135.6,7246,253,-894,98,934,1,43.6610222,-79.3952622,106.30,21.19,0.89,12,1,00:08:38,00
817563,-128,24289,37.30,1,1,11.28,117.8,7253,311,-984,-85,1035,1,43.6610042,-79.3952117,103.40,17.24,0.99,12,1,00:08:39,00
817937,-128,24289,37.31,1,1,8.64,90.2,7260,219,-926,1,952,1,43.6610042,-79.3952117,103.40,17.24,0.99,12,1,00:08:39,00
818240,-117,24289,37.34,1,1,9.30,97.1,7266,209,-992,11,1014,1,43.6610042,-79.3952117,103.40,17.24,0.99,12,1,00:08:39,00
818543,-116,24289,37.35,1,1,7.85,82.0,7271,217,-931,10,956,1,43.6609943,-79.3951813,101.50,9.76,0.99,12,1,00:08:40,00
818843,-117,24289,37.37,1,1,5.09,53.2,7274,184,-942,29,960,1,43.6609943,-79.3951813,101.50,9.76,0.99,12,1,00:08:40,00
819150,-113,24289,37.38,1,1,5.84,61.0,7278,219,-996,26,1020,1,43.6609943,-79.3951813,101.50,9.76,0.99,12,1,00:08:40,00
819444,-105,24289,37.38,1,1,5.02,52.4,7281,236,-964,-36,993,1,43.6609808,-79.3951593,101.50,6.13,0.99,12,1,00:08:41,00
819751,-116,24289,37.41,1,1,3.94,41.2,7283,245,-947,-29,978,1,43.6609808,-79.3951593,96.30,6.13,0.92,12,1,00:08:41,00
820061,-116,24289,37.41,1,1,2.67,27.9,7285,187,-967,-27,985,1,43.6609808,-79.3951593,96.30,6.13,0.92,12,1,00:08:41,00
820363,-118,24289,37.44,1,1,1.50,15.6,7286,173,-972,-23,987,1,43.6609808,-79.3951593,96.30,6.13,0.92,12,1,00:08:41,00
820675,-102,24289,37.44,1,1,1.50,15.6,7286,123,-969,-73,979,1,43.6609743,-79.3951597,95.40,1.72,0.89,12,1,00:08:42,00
820988,-99,24289,37.48,1,1,1.50,15.6,7286,95,-967,-63,973,1,43.6609743,-79.3951597,95.40,1.72,0.89,12,1,00:08:42,00
821295,-105,24289,37.47,1,1,1.50,15.6,7286,113,-982,-58,990,1,43.6609743,-79.3951597,95.40,1.72,0.89,12,1,00:08:42,00
821609,-98,24289,37.51,1,1,0.46,4.8,7287,133,-966,-51,976,1,43.6609675,-79.3951475,91.30,1.70,1.00,12,1,00:08:43,00
821920,-95,24289,37.52,1,1,0.46,4.8,7287,165,-966,-36,981,1,43.6609675,-79.3951475,91.30,1.70,1.00,12,1,00:08:43,00
822230,-93,24289,37.53,1,1,0.46,4.8,7287,116,-963,-72,972,1,43.6609675,-79.3951475,91.30,1.70,1.00,12,1,00:08:43,00
822582,-94,24289,37.55,1,1,0.46,4.8,7287,108,-974,-64,982,1,43.6609675,-79.3951387,90.80,2.96,1.00,12,1,00:08:44,00
822933,-89,24289,37.56,1,1,0.46,4.8,7287,124,-965,-61,975,1,43.6609675,-79.3951387,90.80,2.96,1.00,12,1,00:08:44,00
823228,-88,24289,37.56,1,1,0.46,4.8,7287,138,-965,-52,976,1,43.6609675,-79.3951387,90.80,2.96,1.00,12,1,00:08:44,00
823515,-84,24289,37.59,1,1,0.00,0.0,7287,122,-969,-52,978,1,43.6609655,-79.3951335,90.20,2.67,1.00,12,1,00:08:45,00
823807,-86,24289,37.59,1,1,0.00,0.0,7287,123,-982,-51,991,1,43.6609655,-79.3951335,90.20,2.67,1.00,12,1,00:08:45,00
824096,-85,24289,37.60,1,1,0.00,0.0,7287,127,-977,-44,986,1,43.6609655,-79.3951335,90.20,2.67,1.00,12,1,00:08:45,00
824370,-77,24289,37.62,1,1,0.00,0.0,7287,113,-971,-16,977,1,43.6609655,-79.3951335,90.20,2.67,1.00,12,1,00:08:45,00
824658,-83,24289,37.63,1,1,0.00,0.0,7287,192,-964,-44,984,1,43.6609665,-79.3951368,90.50,2.67,0.98,12,1,00:08:46,00
824947,-78,24289,37.64,1,1,0.00,0.0,7287,134,-969,-72,981,1,43.6609665,-79.3951368,90.50,2.67,0.98,12,1,00:08:46,00
825235,-86,24289,37.62,1,1,0.00,0.0,7287,110,-959,-41,967,1,43.6609665,-79.3951368,90.50,2.67,0.98,12,1,00:08:46,00
825523,-79,24289,37.65,1,1,0.00,0.0,7287,75,-982,19,985,1,43.6609723,-79.3951280,90.60,3.00,0.97,12,1,00:08:47,00
825821,-81,24289,37.65,1,1,0.00,0.0,7287,244,-954,-65,986,1,43.6609723,-79.3951280,90.60,3.00,0.97,12,1,00:08:47,00
826114,-83,24289,37.68,1,1,0.00,0.0,7287,-67,-1002,-89,1008,1,43.6609723,-79.3951280,90.60,3.00,0.97,12,1,00:08:47,00
826384,-69,24289,37.69,1,1,0.00,0.0,7287,209,-941,-193,983,1,43.6609723,-79.3951280,90.60,3.00,0.97,12,1,00:08:47,00
826673,-91,24289,37.69,1,1,0.00,0.0,7287,146,-907,-235,948,1,43.6609655,-79.3951260,91.70,4.32,0.97,12,1,00:08:48,00
826968,-91,24289,37.69,1,1,0.00,0.0,7288,78,-1008,46,1013,1,43.6609655,-79.3951260,91.70,4.32,0.97,12,1,00:08:48,00
827265,-78,24289,37.69,1,1,0.00,0.0,7288,188,-982,-60,1002,1,43.6609655,-79.3951260,91.70,4.32,0.97,12,1,00:08:48,00
827627,-71,24289,37.71,1,1,0.00,0.0,7288,133,-957,-139,976,1,43.6609562,-79.3951225,88.80,2.06,0.97,12,1,00:08:49,00
827920,-70,24289,37.71,1,1,0.00,0.0,7288,126,-973,27,981,1,43.6609562,-79.3951225,88.80,2.06,0.97,12,1,00:08:49,00
828212,-76,24289,37.71,1,1,0.00,0.0,7288,169,-948,-106,969,1,43.6609562,-79.3951225,88.80,2.06,0.97,12,1,00:08:49,00
828507,-86,24289,37.71,1,1,0.27,2.9,7289,76,-972,-68,978,1,43.6609592,-79.3951217,88.80,1.09,0.97,12,1,00:08:50,00
828801,-89,24289,37.71,1,1,0.27,2.9,7289,128,-983,-52,992,1,43.6609592,-79.3951217,90.60,1.09,0.97,12,1,00:08:50,00
829092,-84,24289,37.73,1,1,0.27,2.9,7289,135,-969,-68,981,1,43.6609592,-79.3951217,90.60,1.09,0.97,12,1,00:08:50,00
829368,-77,24289,37.76,1,1,0.27,2.9,7289,117,-971,-37,978,1,43.6609592,-79.3951217,90.60,1.09,0.97,12,1,00:08:50,00
829663,-83,24289,37.75,1,1,0.27,2.9,7289,138,-981,-78,993,1,43.6609570,-79.3951158,88.80,1.37,0.97,12,1,00:08:51,00
829968,-82,24289,37.73,1,1,0.27,2.9,7289,109,-968,-40,975,1,43.6609570,-79.3951158,88.80,1.37,0.97,12,1,00:08:51,00
830262,-77,24289,37.77,1,1,0.27,2.9,7289,112,-968,-43,975,1,43.6609570,-79.3951158,88.80,1.37,0.97,12,1,00:08:51,00
830561,-71,24289,37.76,1,1,0.00,0.0,7289,128,-962,-71,973,1,43.6609717,-79.3950900,94.20,1.59,0.87,12,1,00:08:52,00
830856,-75,24289,37.79,1,1,0.00,0.0,7289,119,-971,-37,979,1,43.6609717,-79.3950900,94.20,1.59,0.87,12,1,00:08:52,00
831160,-69,24289,37.79,1,1,0.00,0.0,7289,124,-986,-58,996,1,43.6609717,-79.3950900,94.20,1.59,0.87,12,1,00:08:52,00
831442,-57,24289,37.78,1,1,0.00,0.0,7289,132,-984,-54,994,1,43.6609983,-79.3950830,94.20,0.17,0.87,12,1,00:08:53,00
831738,-65,24289,37.76,1,1,0.00,0.0,7289,117,-971,-44,979,1,43.6609983,-79.3950830,96.70,0.17,0.84,12,1,00:08:53,00
832040,-67,24289,37.74,1,1,0.00,0.0,7289,124,-965,-59,975,1,43.6609983,-79.3950830,96.70,0.17,0.84,12,1,00:08:53,00
832388,-60,24289,37.73,1,1,0.00,0.0,7289,135,-969,-54,980,1,43.6609983,-79.3950830,96.70,0.17,0.84,12,1,00:08:53,00
832686,-78,24289,37.70,1,1,0.00,0.0,7289,120,-974,-35,982,1,43.6610282,-79.3950743,99.40,0.31,0.66,12,1,00:08:54,00
832983,-80,24289,37.71,1,1,0.00,0.0,7289,121,-960,-56,969,1,43.6610282,-79.3950743,99.40,0.31,0.66,12,1,00:08:54,00
833284,-80,24289,37.69,1,1,0.00,0.0,7289,111,-978,-52,986,1,43.6610282,-79.3950743,99.40,0.31,0.66,12,1,00:08:54,00
833582,-77,24289,37.68,1,1,0.00,0.0,7289,129,-965,-72,976,1,43.6610365,-79.3950688,101.00,0.11,0.73,12,1,00:08:55,00
833881,-72,24289,37.67,1,1,0.00,0.0,7289,101,-976,-10,981,1,43.6610365,-79.3950688,101.00,0.11,0.73,12,1,00:08:55,00
834187,-79,24289,37.69,1,1,0.00,0.0,7289,114,-995,45,1003,1,43.6610365,-79.3950688,101.00,0.11,0.73,12,1,00:08:55,00
834470,-73,24289,37.69,1,1,0.00,0.0,7289,124,-1028,-19,1036,1,43.6610395,-79.3950695,101.00,0.02,0.73,12,1,00:08:56,00
834768,-77,24289,37.69,1,1,0.00,0.0,7289,186,-888,-29,908,1,43.6610395,-79.3950695,101.80,0.02,0.73,12,1,00:08:56,00
835070,-62,24289,37.69,1,1,0.00,0.0,7289,182,-1017,-57,1035,1,43.6610395,-79.3950695,101.80,0.02,0.73,12,1,00:08:56,00
835367,-46,24289,37.68,1,1,0.00,0.0,7289,172,-979,-53,996,1,43.6610395,-79.3950695,101.80,0.02,0.73,12,1,00:08:56,00
835668,-46,24289,37.68,1,1,0.00,0.0,7289,146,-963,-37,975,1,43.6610400,-79.3950655,102.90,0.76,0.68,12,1,00:08:57,00
835967,-45,24289,37.66,1,1,0.00,0.0,7289,114,-987,-36,994,1,43.6610400,-79.3950655,102.90,0.76,0.68,12,1,00:08:57,00
836275,-39,24289,37.64,1,1,0.00,0.0,7289,165,-892,-42,908,1,43.6610400,-79.3950655,102.90,0.76,0.68,12,1,00:08:57,00
836582,-43,24289,37.62,1,1,0.00,0.0,7289,160,-977,-89,994,1,43.6610418,-79.3950630,102.90,1.22,0.68,12,1,00:08:58,00
836889,-39,24289,37.63,1,1,0.00,0.0,7289,143,-954,33,966,1,43.6610418,-79.3950630,102.90,1.22,0.68,12,1,00:08:58,00
837260,-42,24289,37.61,1,1,0.00,0.0,7289,153,-964,3,976,1,43.6610418,-79.3950630,102.90,1.22,0.68,12,1,00:08:58,00
837563,-43,24289,37.60,1,1,0.00,0.0,7289,171,-941,-34,957,1,43.6610423,-79.3950548,103.50,2.32,0.68,12,1,00:08:59,00
837867,-40,24289,37.59,1,1,0.00,0.0,7289,204,-916,-165,953,1,43.6610423,-79.3950548,103.50,2.32,0.68,12,1,00:08:59,00
838172,-54,24289,37.59,1,1,0.00,0.0,7290,187,-990,-73,1010,1,43.6610423,-79.3950548,103.50,2.32,0.68,12,1,00:08:59,00
838465,-47,24289,37.58,1,1,0.00,0.0,7290,197,-947,-76,970,1,43.6610445,-79.3950457,103.50,2.93,0.68,12,1,00:09:00,00
838767,-44,24289,37.59,1,1,0.00,0.0,7290,179,-960,-33,977,1,43.6610445,-79.3950457,103.60,2.93,0.66,12,1,00:09:00,00
839077,-54,24289,37.56,1,1,0.00,0.0,7290,193,-979,11,998,1,43.6610445,-79.3950457,103.60,2.93,0.66,12,1,00:09:00,00
839373,-48,24289,37.59,1,1,0.00,0.0,7290,233,-918,-47,949,1,43.6610445,-79.3950457,103.60,2.93,0.66,12,1,00:09:00,00
839681,-49,24289,37.55,1,1,0.00,0.0,7290,197,-982,-20,1002,1,43.6610505,-79.3950360,103.70,2.82,0.66,12,1,00:09:01,00
839990,-45,24289,37.55,1,1,0.00,0.0,7290,179,-944,-3,961,1,43.6610505,-79.3950360,103.70,2.82,0.66,12,1,00:09:01,00
840292,-42,24289,37.56,1,1,0.00,0.0,7290,187,-1002,-43,1020,1,43.6610505,-79.3950360,103.70,2.82,0.66,12,1,00:09:01,00
840607,-37,24289,37.57,1,1,0.00,0.0,7290,211,-930,-59,955,1,43.6610560,-79.3950272,104.00,2.98,0.66,12,1,00:09:02,00
840919,-39,24289,37.57,1,1,0.00,0.0,7290,196,-1001,-73,1023,1,43.6610560,-79.3950272,104.00,2.98,0.66,12,1,00:09:02,00
841226,-46,24289,37.57,1,1,0.00,0.0,7290,199,-963,-19,983,1,43.6610560,-79.3950272,104.00,2.98,0.66,12,1,00:09:02,00
841534,-35,24289,37.55,1,1,0.00,0.0,7290,204,-951,14,973,1,43.6610600,-79.3950185,104.00,2.61,0.66,12,1,00:09:03,00
841844,-40,24289,37.55,1,1,0.00,0.0,7290,213,-986,-45,1010,1,43.6610600,-79.3950185,104.00,2.61,0.66,12,1,00:09:03,00
842213,-40,24289,37.56,1,1,0.00,0.0,7290,219,-917,17,943,1,43.6610600,-79.3950185,104.00,2.61,0.66,12,1,00:09:03,00
842517,-35,24289,37.54,1,1,0.00,0.0,7290,176,-954,9,970,1,43.6610642,-79.3950135,104.00,1.22,0.66,12,1,00:09:04,00
842833,-44,24289,37.56,1,1,0.00,0.0,7290,92,-1251,-91,1258,1,43.6610642,-79.3950135,104.10,1.22,0.67,12,1,00:09:04,00
843139,-60,24289,37.55,1,1,0.00,0.0,7290,94,-1085,-4,1089,1,43.6610642,-79.3950135,104.10,1.22,0.67,12,1,00:09:04,00
843429,-47,24289,37.57,1,1,0.00,0.0,7290,142,-1031,-93,1045,1,43.6610667,-79.3950112,104.10,0.24,0.67,12,1,00:09:05,00
843740,-50,24289,37.53,1,1,0.00,0.0,7290,121,-941,-23,949,1,43.6610667,-79.3950112,104.50,0.24,0.71,12,1,00:09:05,00
844047,-49,24289,37.54,1,1,0.00,0.0,7290,138,-935,-113,952,1,43.6610667,-79.3950112,104.50,0.24,0.71,12,1,00:09:05,00
844373,-27,24289,37.55,1,1,0.00,0.0,7290,111,-998,-12,1004,1,43.6610667,-79.3950112,104.50,0.24,0.71,12,1,00:09:05,00
844665,-25,24289,37.51,1,1,0.00,0.0,7290,185,-953,-71,973,1,43.6610672,-79.3950100,104.80,0.24,0.67,12,1,00:09:06,00
844961,-25,24289,37.51,1,1,0.00,0.0,7290,102,-960,-44,967,1,43.6610672,-79.3950100,104.80,0.24,0.67,12,1,00:09:06,00
845251,-30,24289,37.55,1,1,0.00,0.0,7290,109,-976,-69,984,1,43.6610672,-79.3950100,104.80,0.24,0.67,12,1,00:09:06,00
845539,-33,24289,37.50,1,1,0.00,0.0,7290,144,-979,-63,992,1,43.6610670,-79.3950085,104.90,0.20,0.67,12,1,00:09:07,00
845835,-31,24289,37.50,1,1,0.00,0.0,7290,120,-964,-56,973,1,43.6610670,-79.3950085,104.90,0.20,0.67,12,1,00:09:07,00
846124,-34,24289,37.49,1,1,0.00,0.0,7290,136,-966,-57,978,1,43.6610670,-79.3950085,104.90,0.20,0.67,12,1,00:09:07,00
846390,-27,24289,37.46,1,1,0.00,0.0,7290,126,-973,-51,983,1,43.6610670,-79.3950085,104.90,0.20,0.67,12,1,00:09:07,00
846682,-44,24289,37.42,1,1,0.00,0.0,7290,130,-969,-59,980,1,43.6610667,-79.3950072,105.00,0.07,0.66,12,1,00:09:08,00
847055,-41,24289,37.40,1,1,0.00,0.0,7290,123,-969,-61,979,1,43.6610667,-79.3950072,105.00,0.07,0.66,12,1,00:09:08,00
847341,-41,24289,37.37,1,1,0.00,0.0,7290,133,-969,-58,980,1,43.6610667,-79.3950072,105.00,0.07,0.66,12,1,00:09:08,00
847633,-43,24289,37.32,1,1,0.00,0.0,7290,134,-969,-54,980,1,43.6610667,-79.3950075,104.90,0.07,0.67,12,1,00:09:09,00
847924,-56,24289,37.30,1,1,0.00,0.0,7290,129,-969,-58,979,1,43.6610667,-79.3950075,104.90,0.07,0.67,12,1,00:09:09,00
848216,-41,24289,37.25,1,1,0.00,0.0,7290,130,-970,-60,980,1,43.6610667,-79.3950075,104.90,0.07,0.67,12,1,00:09:09,00
848506,-50,24289,37.26,1,1,0.00,0.0,7290,124,-973,-57,983,1,43.6610675,-79.3950072,104.90,0.20,0.67,12,1,00:09:10,00
848795,-53,24289,37.21,1,1,0.00,0.0,7290,134,-969,-56,980,1,43.6610675,-79.3950072,105.00,0.20,0.66,12,1,00:09:10,00
849096,-45,24289,37.23,1,1,0.00,0.0,7290,141,-967,-33,978,1,43.6610675,-79.3950072,105.00,0.20,0.66,12,1,00:09:10,00
849380,-40,24289,37.24,1,1,0.00,0.0,7290,131,-975,-65,986,1,43.6610675,-79.3950072,105.00,0.20,0.66,12,1,00:09:10,00
849677,-42,24289,37.20,1,1,0.00,0.0,7290,151,-970,-38,982,1,43.6610678,-79.3950073,105.00,0.13,0.66,12,1,00:09:11,00
849972,-41,24289,37.25,1,1,0.00,0.0,7290,150,-959,-71,973,1,43.6610678,-79.3950073,105.00,0.13,0.66,12,1,00:09:11,00
850267,-72,24289,37.22,1,1,0.00,0.0,7290,152,-982,-24,994,1,43.6610678,-79.3950073,105.00,0.13,0.66,12,1,00:09:11,00
