distance_m,lat,lon,x,y,curvature_1_m,segment,target_speed_kph,action,pred_current_mA,pred_peak_current_mA,pred_power_w,throttle_duty
0.0,46.372062414,-70.942271502,26.821706345769286,-24.57642349191245,0.0007731741340582673,1,29.0,accelerate,25048.63744449383,19490.948,608.4063548893107,1.0
4.993207775181062,46.372089845,-70.942219974,30.77499318726381,-21.526235459184818,0.0007731741340582673,1,29.0,accelerate,25048.63744449383,19490.948,608.4063548893107,1.0
9.98646711862715,46.372117143,-70.942168297,34.7397114785717,-18.49083635173942,0.0006398610978259191,1,29.0,accelerate,25048.63744449383,19490.948,608.4063548893107,1.0
14.979718933349556,46.372144346,-70.942116515,38.71248548930526,-15.466000762014156,0.0006398610978259191,1,29.0,accelerate,25048.63744449383,19490.948,608.4063548893107,1.0
19.972958371189787,46.372171416,-70.942064587,42.69646078559895,-12.455954097571126,0.001920859773829624,2,27.5,coast,0.0,0.0,0.0,0.0
24.966093439918843,46.372198658,-70.94201285,46.665782345617345,-9.426781905742956,0.0062661368745364435,2,27.5,coast,0.0,0.0,0.0,0.0
29.95886563278646,46.372227041,-70.941962424,50.534522492215814,-6.270736302781971,0.009964101124206204,2,27.5,coast,0.0,0.0,0.0,0.0
34.95130941347363,46.372257307,-70.941914359,54.2221240300474,-2.905310653402069,0.011696712699501805,2,27.5,coast,0.0,0.0,0.0,0.0
39.94400128637456,46.372289373,-70.941868807,57.71692534504551,0.6602658646968479,0.014456929045323334,3,26.0,coast,0.0,0.0,0.0,0.0
44.935741418499894,46.372323459,-70.941826467,60.96529836354705,4.450456134240299,0.01836520393246932,3,26.0,coast,0.0,0.0,0.0,0.0
49.92649028684979,46.372360269,-70.941789247,63.8208591503706,8.543541383742372,0.019978685475525376,3,26.0,coast,0.0,0.0,0.0,0.0
54.91783501099989,46.37239949,-70.941757604,66.24854614625974,12.904717601839018,0.020356344069860022,3,26.0,coast,0.0,0.0,0.0,0.0
59.90884494336786,46.372440642,-70.941731629,68.24137772727607,17.480611223275133,0.0229458584951501,4,24.5,coast,0.0,0.0,0.0,0.0
64.89895920386849,46.372483517,-70.941712418,69.71526752593977,22.248093702975165,0.028613126598853497,4,24.5,coast,0.0,0.0,0.0,0.0
69.88665836124784,46.372527795,-70.94170202,70.51301392750769,27.17158266541919,0.03485193937883884,4,24.5,coast,0.0,0.0,0.0,0.0
74.87166369815483,46.372572616,-70.941703408,70.406524986727,32.15545047210132,0.03485193937883884,4,24.5,coast,0.0,0.0,0.0,0.0
79.85832298171601,46.372616435,-70.941717239,69.34539491530626,37.027900962547946,0.02878054954638533,5,23.0,coast,0.0,0.0,0.0,0.0
84.84911126817585,46.372658469,-70.941740047,67.5955391811616,41.70186850949837,0.025018791159265943,5,23.0,coast,0.0,0.0,0.0,0.0
89.84064887289064,46.372698847,-70.941768475,65.41451064602228,46.19169725770134,0.025018791159265943,5,23.0,coast,0.0,0.0,0.0,0.0
94.82963022530635,46.372736713,-70.941803356,62.7384006033169,50.402204349974554,0.03496265117171706,5,23.0,coast,0.0,0.0,0.0,0.0
99.81359666996008,46.372769702,-70.941847334,59.36435835937633,54.07041378477226,0.037479322348655975,5,23.0,coast,0.0,0.0,0.0,0.0
104.79515757674156,46.372794924,-70.941900997,55.24727188628907,56.87497222436582,0.037479322348655975,6,21.5,coast,0.0,0.0,0.0,0.0
109.78288856339906,46.372812185,-70.941961002,50.6436199513873,58.79430785357155,0.02481160469185312,6,21.5,coast,0.0,0.0,0.0,0.0
114.77498898105327,46.372824652,-70.942023511,45.84785828423123,60.180575003791795,0.021993130831862367,6,21.5,coast,0.0,0.0,0.0,0.0
119.76705239067347,46.372834298,-70.942087059,40.972383354052546,61.253161266461596,0.021993130831862367,6,21.5,coast,0.0,0.0,0.0,0.0
124.75558140735508,46.372839068,-70.942151712,36.01213156581485,61.783561066196725,0.02333224233904214,7,20.0,coast,0.0,0.0,0.0,0.0
129.74460430829922,46.372836928,-70.942216666,31.028786714787458,61.54560392324088,0.02333224233904214,7,20.0,coast,0.0,0.0,0.0,0.0
134.7363452384564,46.372829908,-70.942280929,26.098456169352048,60.76501553839709,0.02333224233904214,7,20.0,coast,0.0,0.0,0.0,0.0
139.72692179683213,46.372818804,-70.942343955,21.263029674229024,59.53030707269696,0.022004568167619434,7,20.0,coast,0.0,0.0,0.0,0.0
144.71602287904477,46.372802082,-70.942404299,16.633369272475793,57.67090550956613,0.022004568167619434,8,18.5,coast,0.0,0.0,0.0,0.0
149.70755630586078,46.372780544,-70.942461382,12.253896504695552,55.27598917965131,0.015475848697638059,8,18.5,coast,0.0,0.0,0.0,0.0
154.70013460580634,46.372756276,-70.942516132,8.053414154707566,52.577510699372716,0.009992485560766545,8,18.5,coast,0.0,0.0,0.0,0.0
159.69300931717052,46.372730175,-70.942569086,3.9907229683705667,49.67521191946744,0.006003244934612123,8,18.5,coast,0.0,0.0,0.0,0.0
164.6861874573955,46.372702974,-70.942620869,0.017872237309538644,46.65059871961387,0.0025579016163255943,9,23.5,accelerate,18525.674022472856,19490.948,449.97009633184325,0.9504757809867871
169.67943517374673,46.372675423,-70.942672263,-3.925133972366946,43.58706729537494,0.0005225269069800693,9,23.5,accelerate,18525.674022472856,19490.948,449.97009633184325,0.9504757809867871
174.67266529968174,46.372647835,-70.942723615,-7.8649178934009445,40.519421659694885,0.0005225269069800693,9,23.5,accelerate,18525.674022472856,19490.948,449.97009633184325,0.9504757809867871
179.66592193589415,46.372620331,-70.942775062,-11.811990321863727,37.461116397045615,0.0012156302613241326,9,23.5,accelerate,18525.674022472856,19490.948,449.97009633184325,0.9504757809867871
184.65913923062095,46.372593067,-70.942826776,-15.779547295815659,34.42949791662886,0.0012156302613241326,10,28.5,accelerate,24193.62624407829,19490.948,587.6389878424176,1.0
189.65232384152733,46.372566105,-70.942878821,-19.772498965277123,31.43146030446699,0.000947688619705871,10,28.5,accelerate,24193.62624407829,19490.948,587.6389878424176,1.0
194.64563100835625,46.372539312,-70.942931051,-23.779644046868526,28.452214635277773,0.0004776528421646135,10,28.5,accelerate,24193.62624407829,19490.948,587.6389878424176,1.0
199.63881633406658,46.372512558,-70.942983321,-27.789857973176655,25.477305567401377,0.0004776528421646135,10,28.5,accelerate,24193.62624407829,19490.948,587.6389878424176,1.0
204.63206760965093,46.372485751,-70.943035535,-31.795775516445257,22.496503169110326,0.0016729722463697631,11,30.5,accelerate,14390.22395620483,19490.948,349.52414967225917,0.6304578197925749
209.62532178256149,46.372458668,-70.943087449,-35.77867671725164,19.485010970896358,0.002928239669224426,11,30.5,accelerate,14390.22395620483,19490.948,349.52414967225917,0.6304578197925749
214.61850118881767,46.372430995,-70.943138704,-39.71101868802137,16.40791376606453,0.002928239669224426,11,30.5,accelerate,14390.22395620483,19490.948,349.52414967225917,0.6304578197925749
219.61167215294648,46.372402703,-70.943189244,-43.58850504353438,13.261986901080297,0.0024403111711544015,12,29.0,coast,0.0,0.0,0.0,0.0
224.60490965583386,46.37237401,-70.943239308,-47.42947213830519,10.071470871167755,0.0024403111711544015,12,29.0,coast,0.0,0.0,0.0,0.0
229.5980882536577,46.372345041,-70.943289036,-51.24466092938747,6.850265041332289,0.005027201111863399,12,29.0,coast,0.0,0.0,0.0,0.0
234.59106946538338,46.372315427,-70.943337956,-54.997859040619744,3.5573384830124524,0.010634958156903273,12,29.0,coast,0.0,0.0,0.0,0.0
239.58319254456393,46.372284027,-70.943384462,-58.56585232320856,0.06581778665560575,0.015794191822345927,13,27.5,coast,0.0,0.0,0.0,0.0
244.57471194805288,46.372250032,-70.943426951,-61.825656791523464,-3.7142537449110935,0.018582339227416898,13,27.5,coast,0.0,0.0,0.0,0.0
249.56591749988092,46.372213493,-70.943464738,-64.72471846411784,-7.777205169564513,0.020702958669939858,13,27.5,coast,0.0,0.0,0.0,0.0
254.55673689595892,46.372174475,-70.94349689,-67.19145651990279,-12.11580881686978,0.024148430945260264,13,27.5,coast,0.0,0.0,0.0,0.0
259.5464385197139,46.37213316,-70.943522272,-69.13879246482863,-16.70982721166348,0.02824481400227793,14,26.0,coast,0.0,0.0,0.0,0.0
264.53404300876537,46.37208974,-70.943538582,-70.39011423960176,-21.537910926263397,0.02824481400227793,14,26.0,coast,0.0,0.0,0.0,0.0
269.52331006732743,46.372045095,-70.94354508,-70.88864820006356,-26.502208426607094,0.029146783590073194,14,26.0,coast,0.0,0.0,0.0,0.0
274.51311783524113,46.372000238,-70.943543268,-70.7496294959092,-31.490079250979644,0.029738470802875193,14,26.0,coast,0.0,0.0,0.0,0.0
279.50029575888647,46.37195608,-70.943531887,-69.87646621544847,-36.400224821912374,0.03098646516149846,15,24.5,coast,0.0,0.0,0.0,0.0
284.4882511206504,46.371913876,-70.943509857,-68.18629952625344,-41.093095505586156,0.03098646516149846,15,24.5,coast,0.0,0.0,0.0,0.0
289.4772756028842,46.371874375,-70.943479018,-65.82029632672392,-45.4854063033491,0.02997725797348391,15,24.5,coast,0.0,0.0,0.0,0.0
294.4651712399031,46.371838565,-70.943439864,-62.816356856579816,-49.46729662648736,0.028589176847069003,15,24.5,coast,0.0,0.0,0.0,0.0
299.45496708417016,46.371807053,-70.94339356,-59.26386124477121,-52.971271154868745,0.027220576121539778,15,24.5,coast,0.0,0.0,0.0,0.0
304.4444993043408,46.37177984,-70.94334185,-55.29661115539998,-55.99721869316236,0.027150589983346914,16,23.0,coast,0.0,0.0,0.0,0.0
309.43334134230224,46.371757965,-70.943285077,-50.94092194098857,-58.42960771369159,0.02694164299135873,16,23.0,coast,0.0,0.0,0.0,0.0
314.4233974014149,46.371741443,-70.943224604,-46.30136451232547,-60.266770292023715,0.02694164299135873,16,23.0,coast,0.0,0.0,0.0,0.0
319.41252916220157,46.371730457,-70.943161554,-41.46409670971825,-61.48835775608424,0.02871770608867988,16,23.0,coast,0.0,0.0,0.0,0.0
324.4008731132823,46.371725935,-70.943096866,-36.50115968167199,-61.991181214100095,0.02871770608867988,17,21.5,coast,0.0,0.0,0.0,0.0
329.38950382329085,46.371728186,-70.943031925,-31.518812204714173,-61.740881434450614,0.02749135838190241,17,21.5,coast,0.0,0.0,0.0,0.0
334.3793049995621,46.371736548,-70.942968026,-26.616408155032186,-60.81106945755431,0.025630631737377715,17,21.5,coast,0.0,0.0,0.0,0.0
339.36932837077325,46.371750274,-70.942906102,-21.86552835371494,-59.284807894561645,0.024343623287321647,17,21.5,coast,0.0,0.0,0.0,0.0
344.3591742570401,46.371769332,-70.94284722,-17.348034258030484,-57.16565498262957,0.01985935893752866,18,20.0,coast,0.0,0.0,0.0,0.0
349.35099839131664,46.371792642,-70.942791614,-13.081878612133803,-54.5737012421994,0.011896650850739555,18,20.0,coast,0.0,0.0,0.0,0.0
354.34399985461215,46.371818002,-70.942737907,-8.961416408658842,-51.75379790303943,0.005422837858260199,18,20.0,coast,0.0,0.0,0.0,0.0
359.3372055743782,46.371844165,-70.942685012,-4.903251770704872,-48.844605037111776,0.0023774121797709435,18,20.0,coast,0.0,0.0,0.0,0.0
364.3304926901455,46.37187071,-70.942632517,-0.8757755886403493,-45.89293570885174,0.001360750092430283,19,25.0,accelerate,19490.948,19490.948,473.415635972,1.0
369.3236806742797,46.371897424,-70.942580204,3.1377373477280095,-42.92247443919922,0.001360750092430283,19,25.0,accelerate,19490.948,19490.948,473.415635972,1.0
374.3169289719599,46.371924352,-70.942528121,7.133604421251258,-39.92821745406599,0.0016271152080972902,19,25.0,accelerate,19490.948,19490.948,473.415635972,1.0
379.3101334650349,46.37195166,-70.942476456,11.09740205881705,-36.89170639726214,0.0016271152080972902,19,25.0,accelerate,19490.948,19490.948,473.415635972,1.0
384.30337038129807,46.371979295,-70.942425157,15.033119758884208,-33.81883459920233,0.0007858778183592082,20,23.5,coast,0.0,0.0,0.0,0.0
389.29664866423286,46.372007053,-70.942373997,18.95817322113488,-30.73228582600882,0.0006354986811756961,20,23.5,coast,0.0,0.0,0.0,0.0
394.2899132539436,46.372034795,-70.942322819,22.884607664543843,-27.64751617099874,0.0006354986811756961,20,23.5,coast,0.0,0.0,0.0,0.0
399.28314429899285,46.372062414,-70.942271502,26.821706345769286,-24.57642349191245,0.0007731741340582673,20,23.5,coast,0.0,0.0,0.0,0.0
